image_path,label,xmin,ymin,xmax,ymax
lane_data/ado_in_lane/camera_image_261.png,1,196,203,205,212
lane_data/ado_in_lane/camera_image_733.png,1,197,203,204,209
lane_data/ado_not_in_lane/camera_image_976.png,0,214,204,224,212
lane_data/ado_not_in_lane/camera_image_33.png,0,180,202,190,209
lane_data/ado_not_in_lane/camera_image_92.png,0,208,202,215,208
lane_data/ado_in_lane/camera_image_208.png,1,197,202,204,208
lane_data/ado_in_lane/camera_image_34.png,1,197,202,204,209
lane_data/ado_not_in_lane/camera_image_947.png,0,224,206,261,226
lane_data/ado_not_in_lane/camera_image_623.png,0,217,204,233,217
lane_data/ado_not_in_lane/camera_image_390.png,0,153,204,177,222
lane_data/ado_not_in_lane/camera_image_708.png,0,180,202,190,210
lane_data/ado_not_in_lane/camera_image_906.png,0,176,203,189,211
lane_data/ado_not_in_lane/camera_image_874.png,0,209,203,218,210
lane_data/ado_not_in_lane/camera_image_925.png,0,216,205,232,216
lane_data/ado_in_lane/camera_image_765.png,1,3,258,398,419
lane_data/ado_not_in_lane/camera_image_782.png,0,177,202,188,211
lane_data/ado_in_lane/camera_image_220.png,1,192,204,209,221
lane_data/ado_in_lane/camera_image_689.png,1,18,211,382,420
lane_data/ado_not_in_lane/camera_image_301.png,0,182,202,191,210
lane_data/ado_in_lane/camera_image_565.png,1,6,263,402,415
lane_data/ado_in_lane/camera_image_134.png,1,196,201,205,210
lane_data/ado_in_lane/camera_image_560.png,1,5,264,398,417
lane_data/ado_in_lane/camera_image_206.png,1,197,202,204,208
lane_data/ado_not_in_lane/camera_image_522.png,0,164,205,182,218
lane_data/ado_in_lane/camera_image_881.png,1,0,260,400,417
lane_data/ado_in_lane/camera_image_652.png,1,195,203,202,209
lane_data/ado_not_in_lane/camera_image_603.png,0,179,203,188,210
lane_data/ado_not_in_lane/camera_image_592.png,0,168,204,183,215
lane_data/ado_not_in_lane/camera_image_423.png,0,170,204,185,215
lane_data/ado_not_in_lane/camera_image_773.png,0,209,202,217,209
lane_data/ado_not_in_lane/camera_image_660.png,0,177,203,187,212
lane_data/ado_in_lane/camera_image_113.png,1,196,203,202,208
lane_data/ado_not_in_lane/camera_image_295.png,0,185,201,193,208
lane_data/ado_in_lane/camera_image_786.png,1,1,247,401,420
lane_data/ado_in_lane/camera_image_954.png,1,194,204,206,214
lane_data/ado_in_lane/camera_image_863.png,1,-2,269,405,416
lane_data/ado_not_in_lane/camera_image_634.png,0,223,206,250,224
lane_data/ado_in_lane/camera_image_442.png,1,196,204,205,211
lane_data/ado_in_lane/camera_image_24.png,1,0,251,403,420
lane_data/ado_in_lane/camera_image_74.png,1,18,212,386,418
lane_data/ado_in_lane/camera_image_444.png,1,192,204,209,222
lane_data/ado_in_lane/camera_image_136.png,1,198,202,204,209
lane_data/ado_not_in_lane/camera_image_857.png,0,177,203,187,211
lane_data/ado_not_in_lane/camera_image_818.png,0,185,202,193,207
lane_data/ado_in_lane/camera_image_896.png,1,2,269,401,415
lane_data/ado_in_lane/camera_image_993.png,1,2,255,403,419
lane_data/ado_not_in_lane/camera_image_698.png,0,168,204,182,215
lane_data/ado_not_in_lane/camera_image_82.png,0,156,203,179,221
lane_data/ado_not_in_lane/camera_image_579.png,0,208,203,216,208
lane_data/ado_not_in_lane/camera_image_685.png,0,168,204,183,215
lane_data/ado_in_lane/camera_image_998.png,1,5,268,393,415
lane_data/ado_not_in_lane/camera_image_679.png,0,170,202,185,215
lane_data/ado_in_lane/camera_image_221.png,1,197,202,204,209
lane_data/ado_in_lane/camera_image_300.png,1,198,203,204,209
lane_data/ado_in_lane/camera_image_291.png,1,195,204,202,210
lane_data/ado_in_lane/camera_image_736.png,1,196,203,205,210
lane_data/ado_in_lane/camera_image_448.png,1,196,203,205,211
lane_data/ado_not_in_lane/camera_image_568.png,0,179,202,188,209
lane_data/ado_in_lane/camera_image_991.png,1,0,266,396,416
lane_data/ado_in_lane/camera_image_950.png,1,16,212,383,418
lane_data/ado_in_lane/camera_image_916.png,1,196,203,205,211
lane_data/ado_in_lane/camera_image_490.png,1,196,205,205,213
lane_data/ado_not_in_lane/camera_image_119.png,0,220,206,238,218
lane_data/ado_in_lane/camera_image_790.png,1,195,204,205,213
lane_data/ado_in_lane/camera_image_757.png,1,197,202,205,210
lane_data/ado_not_in_lane/camera_image_219.png,0,181,203,189,210
lane_data/ado_in_lane/camera_image_31.png,1,19,209,388,420
lane_data/ado_not_in_lane/camera_image_333.png,0,173,203,184,213
lane_data/ado_not_in_lane/camera_image_633.png,0,131,207,171,231
lane_data/ado_in_lane/camera_image_160.png,1,195,204,206,214
lane_data/ado_not_in_lane/camera_image_934.png,0,215,204,225,212
lane_data/ado_not_in_lane/camera_image_27.png,0,222,206,240,221
lane_data/ado_in_lane/camera_image_965.png,1,2,264,400,415
lane_data/ado_not_in_lane/camera_image_335.png,0,182,202,191,209
lane_data/ado_not_in_lane/camera_image_191.png,0,186,203,193,209
lane_data/ado_not_in_lane/camera_image_910.png,0,218,204,235,217
lane_data/ado_not_in_lane/camera_image_979.png,0,209,202,217,210
lane_data/ado_not_in_lane/camera_image_344.png,0,185,202,193,208
lane_data/ado_in_lane/camera_image_355.png,1,198,202,203,207
lane_data/ado_in_lane/camera_image_317.png,1,191,204,209,221
lane_data/ado_in_lane/camera_image_544.png,1,194,204,207,219
lane_data/ado_in_lane/camera_image_846.png,1,19,214,384,418
lane_data/ado_in_lane/camera_image_586.png,1,196,204,206,215
lane_data/ado_not_in_lane/camera_image_758.png,0,220,205,238,220
lane_data/ado_not_in_lane/camera_image_882.png,0,171,204,183,214
lane_data/ado_not_in_lane/camera_image_520.png,0,164,204,182,218
lane_data/ado_in_lane/camera_image_869.png,1,0,259,394,419
lane_data/ado_in_lane/camera_image_613.png,1,196,204,205,213
lane_data/ado_in_lane/camera_image_795.png,1,196,203,205,211
lane_data/ado_not_in_lane/camera_image_384.png,0,217,204,233,217
lane_data/ado_in_lane/camera_image_28.png,1,0,271,396,415
lane_data/ado_in_lane/camera_image_883.png,1,17,209,385,420
lane_data/ado_in_lane/camera_image_320.png,1,197,203,204,209
lane_data/ado_not_in_lane/camera_image_9.png,0,177,202,188,210
lane_data/ado_in_lane/camera_image_67.png,1,4,260,401,416
lane_data/ado_in_lane/camera_image_758.png,1,197,202,205,209
lane_data/ado_not_in_lane/camera_image_994.png,0,140,205,173,226
lane_data/ado_not_in_lane/camera_image_274.png,0,209,203,216,209
lane_data/ado_not_in_lane/camera_image_313.png,0,175,203,186,212
lane_data/ado_not_in_lane/camera_image_841.png,0,182,201,190,210
lane_data/ado_in_lane/camera_image_302.png,1,191,205,209,223
lane_data/ado_in_lane/camera_image_563.png,1,6,254,400,416
lane_data/ado_in_lane/camera_image_676.png,1,197,203,205,210
lane_data/ado_not_in_lane/camera_image_273.png,0,209,203,217,209
lane_data/ado_not_in_lane/camera_image_266.png,0,140,206,174,225
lane_data/ado_in_lane/camera_image_391.png,1,197,203,205,211
lane_data/ado_not_in_lane/camera_image_479.png,0,235,208,260,227
lane_data/ado_in_lane/camera_image_283.png,1,181,211,221,248
lane_data/ado_in_lane/camera_image_522.png,1,1,258,397,418
lane_data/ado_not_in_lane/camera_image_530.png,0,176,202,186,212
lane_data/ado_not_in_lane/camera_image_686.png,0,215,204,226,213
lane_data/ado_not_in_lane/camera_image_890.png,0,209,202,216,209
lane_data/ado_in_lane/camera_image_647.png,1,0,264,402,416
lane_data/ado_in_lane/camera_image_143.png,1,197,203,204,209
lane_data/ado_in_lane/camera_image_329.png,1,193,204,207,219
lane_data/ado_in_lane/camera_image_154.png,1,194,204,203,211
lane_data/ado_not_in_lane/camera_image_314.png,0,181,203,189,210
lane_data/ado_not_in_lane/camera_image_691.png,0,145,205,175,224
lane_data/ado_in_lane/camera_image_295.png,1,189,203,211,226
lane_data/ado_not_in_lane/camera_image_703.png,0,228,207,275,231
lane_data/ado_not_in_lane/camera_image_63.png,0,184,201,192,207
lane_data/ado_not_in_lane/camera_image_31.png,0,209,201,217,209
lane_data/ado_not_in_lane/camera_image_717.png,0,19,211,383,417
lane_data/ado_not_in_lane/camera_image_534.png,0,174,204,186,212
lane_data/ado_not_in_lane/camera_image_926.png,0,166,204,183,216
lane_data/ado_not_in_lane/camera_image_258.png,0,186,202,193,207
lane_data/ado_not_in_lane/camera_image_410.png,0,176,204,188,212
lane_data/ado_in_lane/camera_image_695.png,1,196,204,205,212
lane_data/ado_not_in_lane/camera_image_967.png,0,126,206,170,232
lane_data/ado_not_in_lane/camera_image_296.png,0,180,201,190,210
lane_data/ado_not_in_lane/camera_image_927.png,0,221,206,247,223
lane_data/ado_not_in_lane/camera_image_449.png,0,213,203,223,212
lane_data/ado_not_in_lane/camera_image_590.png,0,183,202,192,209
lane_data/ado_in_lane/camera_image_776.png,1,-1,260,406,417
lane_data/ado_in_lane/camera_image_714.png,1,21,213,381,418
lane_data/ado_in_lane/camera_image_403.png,1,198,202,203,208
lane_data/ado_not_in_lane/camera_image_693.png,0,207,202,215,209
lane_data/ado_not_in_lane/camera_image_41.png,0,208,203,214,208
lane_data/ado_in_lane/camera_image_354.png,1,196,203,202,208
lane_data/ado_in_lane/camera_image_567.png,1,13,207,385,419
lane_data/ado_in_lane/camera_image_182.png,1,195,204,206,215
lane_data/ado_not_in_lane/camera_image_197.png,0,150,205,174,223
lane_data/ado_in_lane/camera_image_66.png,1,1,239,407,425
lane_data/ado_in_lane/camera_image_843.png,1,195,204,205,215
lane_data/ado_not_in_lane/camera_image_892.png,0,210,203,218,210
lane_data/ado_in_lane/camera_image_850.png,1,18,209,385,420
lane_data/ado_in_lane/camera_image_64.png,1,14,210,390,418
lane_data/ado_in_lane/camera_image_623.png,1,3,262,401,414
lane_data/ado_in_lane/camera_image_865.png,1,-2,253,402,420
lane_data/ado_in_lane/camera_image_775.png,1,0,257,401,418
lane_data/ado_not_in_lane/camera_image_260.png,0,162,205,181,218
lane_data/ado_not_in_lane/camera_image_816.png,0,183,202,192,208
lane_data/ado_not_in_lane/camera_image_624.png,0,178,202,188,210
lane_data/ado_not_in_lane/camera_image_647.png,0,163,205,181,218
lane_data/ado_in_lane/camera_image_201.png,1,197,203,205,209
lane_data/ado_not_in_lane/camera_image_199.png,0,185,201,192,208
lane_data/ado_not_in_lane/camera_image_272.png,0,168,204,183,215
lane_data/ado_in_lane/camera_image_949.png,1,195,204,206,214
lane_data/ado_not_in_lane/camera_image_637.png,0,207,202,214,209
lane_data/ado_not_in_lane/camera_image_831.png,0,178,204,188,210
lane_data/ado_in_lane/camera_image_686.png,1,196,205,205,215
lane_data/ado_not_in_lane/camera_image_275.png,0,208,203,216,209
lane_data/ado_not_in_lane/camera_image_252.png,0,140,206,174,225
lane_data/ado_in_lane/camera_image_491.png,1,197,202,204,208
lane_data/ado_in_lane/camera_image_337.png,1,197,203,205,211
lane_data/ado_in_lane/camera_image_327.png,1,195,204,205,215
lane_data/ado_not_in_lane/camera_image_456.png,0,214,205,225,213
lane_data/ado_not_in_lane/camera_image_881.png,0,164,206,181,217
lane_data/ado_not_in_lane/camera_image_771.png,0,223,207,250,224
lane_data/ado_not_in_lane/camera_image_939.png,0,186,202,193,208
lane_data/ado_in_lane/camera_image_80.png,1,16,214,385,417
lane_data/ado_in_lane/camera_image_711.png,1,-1,254,399,418
lane_data/ado_not_in_lane/camera_image_757.png,0,215,204,228,215
lane_data/ado_in_lane/camera_image_453.png,1,196,205,206,214
lane_data/ado_not_in_lane/camera_image_913.png,0,166,204,182,215
lane_data/ado_in_lane/camera_image_241.png,1,197,204,205,211
lane_data/ado_not_in_lane/camera_image_321.png,0,172,204,186,214
lane_data/ado_in_lane/camera_image_197.png,1,197,203,205,211
lane_data/ado_not_in_lane/camera_image_727.png,0,159,204,180,220
lane_data/ado_not_in_lane/camera_image_694.png,0,170,204,184,214
lane_data/ado_in_lane/camera_image_224.png,1,197,202,204,208
lane_data/ado_not_in_lane/camera_image_114.png,0,224,205,243,222
lane_data/ado_not_in_lane/camera_image_340.png,0,234,211,285,242
lane_data/ado_in_lane/camera_image_682.png,1,-1,258,397,419
lane_data/ado_not_in_lane/camera_image_754.png,0,175,203,185,212
lane_data/ado_not_in_lane/camera_image_106.png,0,111,208,170,237
lane_data/ado_in_lane/camera_image_715.png,1,1,261,402,417
lane_data/ado_in_lane/camera_image_278.png,1,196,203,205,211
lane_data/ado_in_lane/camera_image_369.png,1,197,203,205,210
lane_data/ado_not_in_lane/camera_image_573.png,0,224,205,261,226
lane_data/ado_not_in_lane/camera_image_72.png,0,218,204,233,217
lane_data/ado_not_in_lane/camera_image_922.png,0,234,209,284,242
lane_data/ado_in_lane/camera_image_239.png,1,197,203,205,210
lane_data/ado_in_lane/camera_image_634.png,1,3,270,399,414
lane_data/ado_in_lane/camera_image_184.png,1,197,203,204,210
lane_data/ado_in_lane/camera_image_162.png,1,191,205,209,223
lane_data/ado_not_in_lane/camera_image_827.png,0,214,204,224,212
lane_data/ado_not_in_lane/camera_image_116.png,0,210,203,218,209
lane_data/ado_in_lane/camera_image_379.png,1,188,204,212,227
lane_data/ado_in_lane/camera_image_195.png,1,197,203,204,209
lane_data/ado_in_lane/camera_image_745.png,1,2,265,399,417
lane_data/ado_not_in_lane/camera_image_150.png,0,218,204,230,216
lane_data/ado_in_lane/camera_image_411.png,1,196,204,205,211
lane_data/ado_in_lane/camera_image_953.png,1,197,202,204,209
lane_data/ado_not_in_lane/camera_image_653.png,0,184,202,192,208
lane_data/ado_in_lane/camera_image_452.png,1,197,202,204,209
lane_data/ado_not_in_lane/camera_image_159.png,0,213,203,223,212
lane_data/ado_in_lane/camera_image_123.png,1,196,203,202,208
lane_data/ado_not_in_lane/camera_image_432.png,0,145,206,173,224
lane_data/ado_not_in_lane/camera_image_786.png,0,171,204,185,214
lane_data/ado_not_in_lane/camera_image_506.png,0,217,204,230,215
lane_data/ado_not_in_lane/camera_image_276.png,0,218,205,233,216
lane_data/ado_in_lane/camera_image_267.png,1,197,203,205,210
lane_data/ado_in_lane/camera_image_729.png,1,197,202,204,208
lane_data/ado_in_lane/camera_image_649.png,1,198,203,205,209
lane_data/ado_not_in_lane/camera_image_898.png,0,212,204,223,213
lane_data/ado_in_lane/camera_image_660.png,1,196,203,205,213
lane_data/ado_not_in_lane/camera_image_513.png,0,209,203,217,209
lane_data/ado_not_in_lane/camera_image_861.png,0,216,205,227,214
lane_data/ado_not_in_lane/camera_image_779.png,0,178,203,187,210
lane_data/ado_not_in_lane/camera_image_133.png,0,176,203,187,212
lane_data/ado_in_lane/camera_image_611.png,1,195,204,205,213
lane_data/ado_in_lane/camera_image_591.png,1,198,203,203,208
lane_data/ado_not_in_lane/camera_image_367.png,0,150,205,175,223
lane_data/ado_not_in_lane/camera_image_147.png,0,182,202,190,210
lane_data/ado_not_in_lane/camera_image_353.png,0,186,201,193,207
lane_data/ado_not_in_lane/camera_image_943.png,0,229,208,267,229
lane_data/ado_in_lane/camera_image_542.png,1,23,212,383,416
lane_data/ado_not_in_lane/camera_image_854.png,0,208,203,216,209
lane_data/ado_in_lane/camera_image_419.png,1,188,205,212,227
lane_data/ado_not_in_lane/camera_image_459.png,0,125,206,170,231
lane_data/ado_not_in_lane/camera_image_656.png,0,159,205,180,219
lane_data/ado_in_lane/camera_image_449.png,1,197,202,203,208
lane_data/ado_in_lane/camera_image_495.png,1,195,204,205,214
lane_data/ado_in_lane/camera_image_901.png,1,-2,256,403,418
lane_data/ado_in_lane/camera_image_167.png,1,195,205,206,215
lane_data/ado_in_lane/camera_image_978.png,1,197,203,204,209
lane_data/ado_not_in_lane/camera_image_329.png,0,177,204,188,211
lane_data/ado_not_in_lane/camera_image_88.png,0,215,204,226,213
lane_data/ado_in_lane/camera_image_109.png,1,193,204,208,220
lane_data/ado_in_lane/camera_image_232.png,1,196,203,202,208
lane_data/ado_not_in_lane/camera_image_807.png,0,170,204,185,215
lane_data/ado_in_lane/camera_image_92.png,1,197,203,204,209
lane_data/ado_in_lane/camera_image_427.png,1,198,202,203,208
lane_data/ado_in_lane/camera_image_292.png,1,195,204,202,210
lane_data/ado_not_in_lane/camera_image_959.png,0,178,203,187,210
lane_data/ado_in_lane/camera_image_153.png,1,197,203,204,209
lane_data/ado_in_lane/camera_image_836.png,1,198,203,204,208
lane_data/ado_not_in_lane/camera_image_282.png,0,158,204,181,219
lane_data/ado_in_lane/camera_image_517.png,1,188,204,213,226
lane_data/ado_not_in_lane/camera_image_123.png,0,150,205,177,223
lane_data/ado_in_lane/camera_image_157.png,1,189,204,211,226
lane_data/ado_in_lane/camera_image_470.png,1,197,202,204,209
lane_data/ado_not_in_lane/camera_image_236.png,0,212,202,220,211
lane_data/ado_in_lane/camera_image_905.png,1,197,202,205,210
lane_data/ado_not_in_lane/camera_image_91.png,0,208,202,216,209
lane_data/ado_in_lane/camera_image_913.png,1,18,210,389,419
lane_data/ado_not_in_lane/camera_image_710.png,0,150,204,177,223
lane_data/ado_not_in_lane/camera_image_537.png,0,208,203,216,209
lane_data/ado_in_lane/camera_image_702.png,1,0,255,401,419
lane_data/ado_in_lane/camera_image_378.png,1,194,204,204,211
lane_data/ado_not_in_lane/camera_image_308.png,0,149,204,178,223
lane_data/ado_in_lane/camera_image_637.png,1,2,267,400,416
lane_data/ado_in_lane/camera_image_548.png,1,190,204,210,223
lane_data/ado_in_lane/camera_image_9.png,1,196,204,205,213
lane_data/ado_in_lane/camera_image_910.png,1,14,210,385,418
lane_data/ado_not_in_lane/camera_image_950.png,0,232,212,286,241
lane_data/ado_not_in_lane/camera_image_744.png,0,164,203,181,216
lane_data/ado_not_in_lane/camera_image_539.png,0,185,201,193,208
lane_data/ado_in_lane/camera_image_414.png,1,182,210,220,248
lane_data/ado_in_lane/camera_image_501.png,1,198,203,203,209
lane_data/ado_in_lane/camera_image_431.png,1,196,202,205,209
lane_data/ado_in_lane/camera_image_537.png,1,16,210,387,419
lane_data/ado_in_lane/camera_image_820.png,1,16,210,381,419
lane_data/ado_in_lane/camera_image_543.png,1,195,204,206,215
lane_data/ado_in_lane/camera_image_390.png,1,197,202,204,208
lane_data/ado_in_lane/camera_image_831.png,1,198,202,203,208
lane_data/ado_not_in_lane/camera_image_564.png,0,222,205,241,222
lane_data/ado_not_in_lane/camera_image_355.png,0,227,207,260,227
lane_data/ado_not_in_lane/camera_image_192.png,0,166,203,181,216
lane_data/ado_not_in_lane/camera_image_375.png,0,184,202,192,209
lane_data/ado_in_lane/camera_image_377.png,1,193,205,207,218
lane_data/ado_in_lane/camera_image_555.png,1,6,258,400,416
lane_data/ado_not_in_lane/camera_image_96.png,0,156,203,180,221
lane_data/ado_in_lane/camera_image_88.png,1,19,210,386,420
lane_data/ado_in_lane/camera_image_2.png,1,197,203,204,209
lane_data/ado_not_in_lane/camera_image_287.png,0,178,204,188,210
lane_data/ado_in_lane/camera_image_764.png,1,197,202,204,209
lane_data/ado_in_lane/camera_image_54.png,1,-1,261,393,418
lane_data/ado_not_in_lane/camera_image_575.png,0,213,203,222,212
lane_data/ado_not_in_lane/camera_image_248.png,0,168,203,183,216
lane_data/ado_not_in_lane/camera_image_426.png,0,184,202,192,208
lane_data/ado_in_lane/camera_image_18.png,1,197,202,205,210
lane_data/ado_not_in_lane/camera_image_764.png,0,182,201,191,210
lane_data/ado_in_lane/camera_image_890.png,1,19,210,376,416
lane_data/ado_in_lane/camera_image_662.png,1,197,201,204,208
lane_data/ado_in_lane/camera_image_885.png,1,192,204,209,220
lane_data/ado_in_lane/camera_image_835.png,1,197,202,204,209
lane_data/ado_in_lane/camera_image_748.png,1,197,204,205,211
lane_data/ado_not_in_lane/camera_image_563.png,0,181,201,191,209
lane_data/ado_in_lane/camera_image_539.png,1,197,203,204,209
lane_data/ado_in_lane/camera_image_752.png,1,0,257,399,417
lane_data/ado_not_in_lane/camera_image_59.png,0,209,202,216,209
lane_data/ado_in_lane/camera_image_252.png,1,196,205,205,214
lane_data/ado_in_lane/camera_image_813.png,1,0,267,400,415
lane_data/ado_in_lane/camera_image_783.png,1,197,203,205,209
lane_data/ado_in_lane/camera_image_574.png,1,192,204,208,219
lane_data/ado_in_lane/camera_image_526.png,1,195,204,203,210
lane_data/ado_in_lane/camera_image_268.png,1,191,203,209,222
lane_data/ado_in_lane/camera_image_523.png,1,5,268,394,416
lane_data/ado_in_lane/camera_image_693.png,1,3,257,401,419
lane_data/ado_not_in_lane/camera_image_944.png,0,172,202,187,213
lane_data/ado_in_lane/camera_image_886.png,1,0,261,393,418
lane_data/ado_in_lane/camera_image_708.png,1,0,253,403,419
lane_data/ado_not_in_lane/camera_image_8.png,0,183,201,191,208
lane_data/ado_in_lane/camera_image_800.png,1,0,260,395,417
lane_data/ado_not_in_lane/camera_image_784.png,0,177,203,188,211
lane_data/ado_in_lane/camera_image_792.png,1,193,205,207,219
lane_data/ado_not_in_lane/camera_image_561.png,0,213,203,223,212
lane_data/ado_in_lane/camera_image_397.png,1,197,202,204,209
lane_data/ado_not_in_lane/camera_image_733.png,0,208,203,215,209
lane_data/ado_not_in_lane/camera_image_651.png,0,162,203,181,219
lane_data/ado_in_lane/camera_image_769.png,1,-2,257,406,418
lane_data/ado_not_in_lane/camera_image_869.png,0,184,201,192,208
lane_data/ado_in_lane/camera_image_420.png,1,185,207,215,234
lane_data/ado_in_lane/camera_image_844.png,1,196,204,205,212
lane_data/ado_not_in_lane/camera_image_525.png,0,216,205,228,214
lane_data/ado_in_lane/camera_image_475.png,1,197,202,204,209
lane_data/ado_in_lane/camera_image_319.png,1,197,202,204,209
lane_data/ado_not_in_lane/camera_image_251.png,0,212,202,221,212
lane_data/ado_in_lane/camera_image_597.png,1,-1,265,396,417
lane_data/ado_not_in_lane/camera_image_336.png,0,228,207,275,234
lane_data/ado_not_in_lane/camera_image_842.png,0,208,202,216,209
lane_data/ado_in_lane/camera_image_878.png,1,-2,266,402,415
lane_data/ado_in_lane/camera_image_102.png,1,197,202,205,210
lane_data/ado_in_lane/camera_image_174.png,1,197,202,205,209
lane_data/ado_not_in_lane/camera_image_777.png,0,174,203,186,213
lane_data/ado_not_in_lane/camera_image_932.png,0,171,204,185,214
lane_data/ado_in_lane/camera_image_63.png,1,0,266,394,411
lane_data/ado_not_in_lane/camera_image_438.png,0,180,202,190,210
lane_data/ado_not_in_lane/camera_image_749.png,0,209,203,218,210
lane_data/ado_in_lane/camera_image_781.png,1,-1,261,395,418
lane_data/ado_not_in_lane/camera_image_565.png,0,180,201,190,210
lane_data/ado_in_lane/camera_image_891.png,1,195,204,206,215
lane_data/ado_in_lane/camera_image_840.png,1,2,263,404,417
lane_data/ado_in_lane/camera_image_318.png,1,197,202,204,208
lane_data/ado_not_in_lane/camera_image_18.png,0,213,204,223,212
lane_data/ado_not_in_lane/camera_image_617.png,0,182,202,191,210
lane_data/ado_in_lane/camera_image_68.png,1,197,202,204,209
lane_data/ado_in_lane/camera_image_570.png,1,10,262,398,416
lane_data/ado_in_lane/camera_image_62.png,1,196,203,205,210
lane_data/ado_in_lane/camera_image_203.png,1,197,201,204,209
lane_data/ado_in_lane/camera_image_75.png,1,2,252,402,422
lane_data/ado_in_lane/camera_image_895.png,1,0,267,401,417
lane_data/ado_not_in_lane/camera_image_254.png,0,172,203,185,213
lane_data/ado_in_lane/camera_image_655.png,1,198,202,204,208
lane_data/ado_not_in_lane/camera_image_385.png,0,208,202,217,209
lane_data/ado_not_in_lane/camera_image_735.png,0,209,203,217,210
lane_data/ado_not_in_lane/camera_image_515.png,0,185,202,192,208
lane_data/ado_not_in_lane/camera_image_437.png,0,214,204,223,212
lane_data/ado_not_in_lane/camera_image_185.png,0,166,204,182,215
lane_data/ado_in_lane/camera_image_606.png,1,15,212,386,416
lane_data/ado_in_lane/camera_image_862.png,1,197,204,205,211
lane_data/ado_in_lane/camera_image_799.png,1,198,203,203,209
lane_data/ado_not_in_lane/camera_image_858.png,0,180,202,190,211
lane_data/ado_in_lane/camera_image_754.png,1,-2,263,397,414
lane_data/ado_not_in_lane/camera_image_746.png,0,171,203,184,215
lane_data/ado_in_lane/camera_image_888.png,1,0,261,401,416
lane_data/ado_in_lane/camera_image_925.png,1,197,202,204,209
lane_data/ado_not_in_lane/camera_image_36.png,0,156,203,179,221
lane_data/ado_in_lane/camera_image_841.png,1,3,256,402,418
lane_data/ado_in_lane/camera_image_639.png,1,18,216,383,412
lane_data/ado_not_in_lane/camera_image_702.png,0,222,206,241,220
lane_data/ado_not_in_lane/camera_image_71.png,0,227,206,255,225
lane_data/ado_in_lane/camera_image_879.png,1,196,204,205,212
lane_data/ado_in_lane/camera_image_165.png,1,196,203,205,211
lane_data/ado_not_in_lane/camera_image_518.png,0,212,202,223,212
lane_data/ado_not_in_lane/camera_image_562.png,0,162,204,181,219
lane_data/ado_in_lane/camera_image_492.png,1,198,202,203,208
lane_data/ado_in_lane/camera_image_198.png,1,197,202,204,208
lane_data/ado_in_lane/camera_image_900.png,1,3,264,399,415
lane_data/ado_in_lane/camera_image_172.png,1,195,203,202,209
lane_data/ado_not_in_lane/camera_image_570.png,0,150,205,176,222
lane_data/ado_in_lane/camera_image_772.png,1,-1,262,401,417
lane_data/ado_in_lane/camera_image_657.png,1,196,204,205,211
lane_data/ado_not_in_lane/camera_image_908.png,0,223,206,247,224
lane_data/ado_not_in_lane/camera_image_802.png,0,207,202,213,208
lane_data/ado_in_lane/camera_image_566.png,1,0,266,402,414
lane_data/ado_in_lane/camera_image_312.png,1,192,204,208,220
lane_data/ado_in_lane/camera_image_753.png,1,18,210,387,417
lane_data/ado_in_lane/camera_image_93.png,1,-2,261,399,419
lane_data/ado_in_lane/camera_image_342.png,1,195,204,206,216
lane_data/ado_in_lane/camera_image_864.png,1,195,203,202,209
lane_data/ado_not_in_lane/camera_image_739.png,0,186,202,192,207
lane_data/ado_in_lane/camera_image_665.png,1,3,250,401,424
lane_data/ado_not_in_lane/camera_image_867.png,0,166,203,182,216
lane_data/ado_in_lane/camera_image_179.png,1,196,202,205,210
lane_data/ado_not_in_lane/camera_image_921.png,0,185,202,192,207
lane_data/ado_in_lane/camera_image_193.png,1,197,202,204,209
lane_data/ado_in_lane/camera_image_575.png,1,4,270,401,413
lane_data/ado_in_lane/camera_image_465.png,1,188,204,212,227
lane_data/ado_in_lane/camera_image_515.png,1,5,246,403,422
lane_data/ado_not_in_lane/camera_image_134.png,0,184,202,192,209
lane_data/ado_not_in_lane/camera_image_606.png,0,180,203,190,211
lane_data/ado_in_lane/camera_image_306.png,1,197,204,205,211
lane_data/ado_in_lane/camera_image_573.png,1,4,273,399,414
lane_data/ado_not_in_lane/camera_image_427.png,0,167,204,182,216
lane_data/ado_not_in_lane/camera_image_605.png,0,183,202,192,208
lane_data/ado_in_lane/camera_image_385.png,1,197,203,204,210
lane_data/ado_in_lane/camera_image_485.png,1,188,205,212,226
lane_data/ado_not_in_lane/camera_image_403.png,0,181,203,189,210
lane_data/ado_not_in_lane/camera_image_163.png,0,125,205,171,229
lane_data/ado_in_lane/camera_image_739.png,1,197,202,204,208
lane_data/ado_in_lane/camera_image_249.png,1,196,204,205,211
lane_data/ado_not_in_lane/camera_image_470.png,0,168,204,183,214
lane_data/ado_not_in_lane/camera_image_577.png,0,209,203,218,209
lane_data/ado_in_lane/camera_image_721.png,1,195,205,206,214
lane_data/ado_in_lane/camera_image_532.png,1,2,256,403,419
lane_data/ado_in_lane/camera_image_91.png,1,14,214,388,414
lane_data/ado_in_lane/camera_image_975.png,1,-1,250,406,422
lane_data/ado_not_in_lane/camera_image_172.png,0,225,207,254,226
lane_data/ado_not_in_lane/camera_image_412.png,0,185,202,192,207
lane_data/ado_in_lane/camera_image_398.png,1,191,203,209,222
lane_data/ado_in_lane/camera_image_81.png,1,196,203,205,211
lane_data/ado_in_lane/camera_image_902.png,1,196,204,205,211
lane_data/ado_not_in_lane/camera_image_615.png,0,178,203,188,212
lane_data/ado_not_in_lane/camera_image_342.png,0,164,202,181,218
lane_data/ado_in_lane/camera_image_832.png,1,0,260,403,417
lane_data/ado_in_lane/camera_image_861.png,1,2,253,403,421
lane_data/ado_in_lane/camera_image_497.png,1,197,204,205,211
lane_data/ado_in_lane/camera_image_633.png,1,197,203,204,209
lane_data/ado_not_in_lane/camera_image_22.png,0,181,203,190,210
lane_data/ado_not_in_lane/camera_image_387.png,0,213,203,221,211
lane_data/ado_not_in_lane/camera_image_645.png,0,156,204,179,221
lane_data/ado_not_in_lane/camera_image_203.png,0,114,206,167,239
lane_data/ado_not_in_lane/camera_image_242.png,0,180,202,190,210
lane_data/ado_in_lane/camera_image_568.png,1,6,274,399,410
lane_data/ado_in_lane/camera_image_250.png,1,195,203,203,209
lane_data/ado_in_lane/camera_image_180.png,1,191,204,209,223
lane_data/ado_not_in_lane/camera_image_152.png,0,222,205,243,222
lane_data/ado_not_in_lane/camera_image_737.png,0,217,204,230,216
lane_data/ado_not_in_lane/camera_image_491.png,0,167,203,182,216
lane_data/ado_not_in_lane/camera_image_618.png,0,226,207,268,230
lane_data/ado_not_in_lane/camera_image_595.png,0,220,205,244,222
lane_data/ado_not_in_lane/camera_image_48.png,0,181,201,191,210
lane_data/ado_not_in_lane/camera_image_531.png,0,212,203,220,210
lane_data/ado_not_in_lane/camera_image_738.png,0,217,204,233,216
lane_data/ado_not_in_lane/camera_image_810.png,0,181,203,189,210
lane_data/ado_in_lane/camera_image_930.png,1,195,204,206,216
lane_data/ado_not_in_lane/camera_image_793.png,0,182,202,190,210
lane_data/ado_in_lane/camera_image_310.png,1,197,202,204,208
lane_data/ado_not_in_lane/camera_image_25.png,0,209,203,217,210
lane_data/ado_not_in_lane/camera_image_547.png,0,216,204,230,216
lane_data/ado_not_in_lane/camera_image_666.png,0,228,207,268,229
lane_data/ado_in_lane/camera_image_216.png,1,196,204,205,213
lane_data/ado_in_lane/camera_image_186.png,1,185,205,215,235
lane_data/ado_in_lane/camera_image_912.png,1,0,257,404,417
lane_data/ado_in_lane/camera_image_279.png,1,196,203,205,209
lane_data/ado_in_lane/camera_image_977.png,1,-3,246,400,419
lane_data/ado_not_in_lane/camera_image_226.png,0,176,204,188,212
lane_data/ado_not_in_lane/camera_image_164.png,0,215,204,227,213
lane_data/ado_in_lane/camera_image_656.png,1,0,266,396,417
lane_data/ado_in_lane/camera_image_164.png,1,197,202,204,208
lane_data/ado_not_in_lane/camera_image_829.png,0,216,204,231,216
lane_data/ado_in_lane/camera_image_263.png,1,195,204,205,213
lane_data/ado_not_in_lane/camera_image_442.png,0,133,205,172,228
lane_data/ado_in_lane/camera_image_787.png,1,13,210,389,419
lane_data/ado_in_lane/camera_image_774.png,1,193,204,208,219
lane_data/ado_not_in_lane/camera_image_712.png,0,166,204,182,216
lane_data/ado_not_in_lane/camera_image_654.png,0,181,202,190,210
lane_data/ado_not_in_lane/camera_image_13.png,0,209,202,217,209
lane_data/ado_in_lane/camera_image_675.png,1,0,261,405,417
lane_data/ado_in_lane/camera_image_602.png,1,21,214,384,416
lane_data/ado_not_in_lane/camera_image_903.png,0,224,206,249,225
lane_data/ado_in_lane/camera_image_801.png,1,16,208,384,418
lane_data/ado_in_lane/camera_image_876.png,1,1,256,397,419
lane_data/ado_in_lane/camera_image_50.png,1,1,244,402,422
lane_data/ado_in_lane/camera_image_564.png,1,5,257,398,417
lane_data/ado_not_in_lane/camera_image_483.png,0,187,201,193,208
lane_data/ado_in_lane/camera_image_416.png,1,192,203,208,220
lane_data/ado_in_lane/camera_image_582.png,1,191,204,210,223
lane_data/ado_in_lane/camera_image_234.png,1,196,203,205,211
lane_data/ado_not_in_lane/camera_image_167.png,0,178,203,186,211
lane_data/ado_in_lane/camera_image_826.png,1,4,250,401,422
lane_data/ado_not_in_lane/camera_image_214.png,0,185,201,193,207
lane_data/ado_not_in_lane/camera_image_120.png,0,173,204,187,214
lane_data/ado_not_in_lane/camera_image_616.png,0,181,200,191,209
lane_data/ado_not_in_lane/camera_image_678.png,0,219,207,236,218
lane_data/ado_in_lane/camera_image_990.png,1,0,263,398,416
lane_data/ado_not_in_lane/camera_image_741.png,0,180,203,189,210
lane_data/ado_in_lane/camera_image_471.png,1,196,203,205,212
lane_data/ado_in_lane/camera_image_334.png,1,189,204,211,225
lane_data/ado_in_lane/camera_image_73.png,1,197,202,204,208
lane_data/ado_in_lane/camera_image_46.png,1,19,206,387,423
lane_data/ado_in_lane/camera_image_19.png,1,19,215,377,415
lane_data/ado_not_in_lane/camera_image_290.png,0,133,206,171,227
lane_data/ado_not_in_lane/camera_image_281.png,0,233,212,284,241
lane_data/ado_in_lane/camera_image_699.png,1,196,203,202,208
lane_data/ado_in_lane/camera_image_705.png,1,1,259,405,418
lane_data/ado_not_in_lane/camera_image_151.png,0,221,205,240,222
lane_data/ado_not_in_lane/camera_image_942.png,0,177,204,187,212
lane_data/ado_in_lane/camera_image_678.png,1,196,203,205,210
lane_data/ado_in_lane/camera_image_299.png,1,197,203,204,209
lane_data/ado_in_lane/camera_image_364.png,1,197,202,205,209
lane_data/ado_in_lane/camera_image_43.png,1,3,263,402,416
lane_data/ado_in_lane/camera_image_833.png,1,195,205,206,214
lane_data/ado_in_lane/camera_image_95.png,1,197,202,203,209
lane_data/ado_in_lane/camera_image_311.png,1,198,202,203,208
lane_data/ado_in_lane/camera_image_581.png,1,24,208,386,421
lane_data/ado_in_lane/camera_image_38.png,1,1,250,398,421
lane_data/ado_not_in_lane/camera_image_418.png,0,153,204,179,222
lane_data/ado_in_lane/camera_image_960.png,1,7,267,391,414
lane_data/ado_not_in_lane/camera_image_401.png,0,209,203,218,210
lane_data/ado_not_in_lane/camera_image_24.png,0,182,202,191,209
lane_data/ado_not_in_lane/camera_image_677.png,0,185,201,193,209
lane_data/ado_in_lane/camera_image_535.png,1,23,211,384,420
lane_data/ado_in_lane/camera_image_145.png,1,189,205,212,226
lane_data/ado_in_lane/camera_image_107.png,1,193,205,207,218
lane_data/ado_in_lane/camera_image_980.png,1,197,202,204,209
lane_data/ado_not_in_lane/camera_image_382.png,0,145,206,175,224
lane_data/ado_not_in_lane/camera_image_972.png,0,156,204,180,221
lane_data/ado_not_in_lane/camera_image_324.png,0,182,203,190,210
lane_data/ado_not_in_lane/camera_image_566.png,0,142,205,172,225
lane_data/ado_in_lane/camera_image_266.png,1,198,202,203,208
lane_data/ado_not_in_lane/camera_image_578.png,0,182,202,191,209
lane_data/ado_not_in_lane/camera_image_124.png,0,180,202,189,210
lane_data/ado_in_lane/camera_image_115.png,1,197,202,204,209
lane_data/ado_in_lane/camera_image_968.png,1,5,252,398,422
lane_data/ado_not_in_lane/camera_image_604.png,0,153,206,178,222
lane_data/ado_in_lane/camera_image_985.png,1,193,204,208,219
lane_data/ado_not_in_lane/camera_image_38.png,0,185,202,193,208
lane_data/ado_not_in_lane/camera_image_285.png,0,227,207,255,226
lane_data/ado_in_lane/camera_image_21.png,1,0,248,403,420
lane_data/ado_in_lane/camera_image_755.png,1,192,204,208,219
lane_data/ado_not_in_lane/camera_image_211.png,0,186,202,193,207
lane_data/ado_in_lane/camera_image_629.png,1,191,205,209,222
lane_data/ado_in_lane/camera_image_388.png,1,197,203,204,209
lane_data/ado_not_in_lane/camera_image_655.png,0,222,206,247,224
lane_data/ado_not_in_lane/camera_image_138.png,0,212,203,222,211
lane_data/ado_not_in_lane/camera_image_303.png,0,133,205,171,227
lane_data/ado_in_lane/camera_image_37.png,1,196,205,205,214
lane_data/ado_in_lane/camera_image_672.png,1,196,203,205,211
lane_data/ado_in_lane/camera_image_339.png,1,196,204,205,211
lane_data/ado_not_in_lane/camera_image_461.png,0,182,202,191,209
lane_data/ado_in_lane/camera_image_45.png,1,196,203,205,212
lane_data/ado_not_in_lane/camera_image_327.png,0,178,203,188,211
lane_data/ado_not_in_lane/camera_image_428.png,0,214,203,223,212
lane_data/ado_not_in_lane/camera_image_184.png,0,208,203,217,210
lane_data/ado_not_in_lane/camera_image_555.png,0,226,208,276,233
lane_data/ado_not_in_lane/camera_image_347.png,0,185,202,192,208
lane_data/ado_in_lane/camera_image_375.png,1,190,204,210,225
lane_data/ado_not_in_lane/camera_image_888.png,0,220,205,243,222
lane_data/ado_not_in_lane/camera_image_981.png,0,207,202,214,208
lane_data/ado_not_in_lane/camera_image_532.png,0,181,202,190,210
lane_data/ado_not_in_lane/camera_image_611.png,0,232,212,286,241
lane_data/ado_in_lane/camera_image_159.png,1,197,202,204,208
lane_data/ado_in_lane/camera_image_877.png,1,5,264,398,416
lane_data/ado_in_lane/camera_image_897.png,1,1,259,396,419
lane_data/ado_in_lane/camera_image_531.png,1,197,202,204,208
lane_data/ado_in_lane/camera_image_952.png,1,17,212,384,417
lane_data/ado_not_in_lane/camera_image_108.png,0,150,204,177,223
lane_data/ado_in_lane/camera_image_569.png,1,6,258,403,416
lane_data/ado_in_lane/camera_image_474.png,1,196,202,205,210
lane_data/ado_in_lane/camera_image_719.png,1,195,204,205,212
lane_data/ado_not_in_lane/camera_image_609.png,0,210,203,219,210
lane_data/ado_in_lane/camera_image_166.png,1,197,203,204,209
lane_data/ado_in_lane/camera_image_15.png,1,197,201,204,207
lane_data/ado_not_in_lane/camera_image_306.png,0,219,205,233,216
lane_data/ado_in_lane/camera_image_325.png,1,198,203,204,208
lane_data/ado_not_in_lane/camera_image_16.png,0,182,201,191,209
lane_data/ado_not_in_lane/camera_image_789.png,0,222,205,240,221
lane_data/ado_not_in_lane/camera_image_398.png,0,209,202,216,209
lane_data/ado_not_in_lane/camera_image_222.png,0,176,204,187,212
lane_data/ado_in_lane/camera_image_973.png,1,191,205,209,222
lane_data/ado_not_in_lane/camera_image_84.png,0,182,202,190,209
lane_data/ado_not_in_lane/camera_image_430.png,0,217,205,232,216
lane_data/ado_not_in_lane/camera_image_988.png,0,229,207,268,230
lane_data/ado_not_in_lane/camera_image_35.png,0,175,202,186,212
lane_data/ado_not_in_lane/camera_image_198.png,0,174,203,186,213
lane_data/ado_in_lane/camera_image_873.png,1,-1,262,392,416
lane_data/ado_in_lane/camera_image_744.png,1,197,204,204,211
lane_data/ado_in_lane/camera_image_282.png,1,197,202,204,208
lane_data/ado_not_in_lane/camera_image_549.png,0,222,206,241,221
lane_data/ado_in_lane/camera_image_928.png,1,198,202,203,207
lane_data/ado_not_in_lane/camera_image_642.png,0,184,202,192,209
lane_data/ado_not_in_lane/camera_image_865.png,0,179,203,188,210
lane_data/ado_in_lane/camera_image_353.png,1,197,203,204,209
lane_data/ado_in_lane/camera_image_55.png,1,187,205,213,229
lane_data/ado_in_lane/camera_image_1.png,1,198,203,204,209
lane_data/ado_not_in_lane/camera_image_696.png,0,216,204,231,217
lane_data/ado_in_lane/camera_image_189.png,1,198,202,204,209
lane_data/ado_not_in_lane/camera_image_998.png,0,150,205,176,222
lane_data/ado_not_in_lane/camera_image_851.png,0,218,206,235,218
lane_data/ado_in_lane/camera_image_817.png,1,0,254,403,416
lane_data/ado_in_lane/camera_image_94.png,1,196,203,202,208
lane_data/ado_not_in_lane/camera_image_594.png,0,171,204,184,214
lane_data/ado_in_lane/camera_image_190.png,1,197,201,204,207
lane_data/ado_not_in_lane/camera_image_21.png,0,217,205,233,218
lane_data/ado_in_lane/camera_image_150.png,1,184,210,219,251
lane_data/ado_not_in_lane/camera_image_392.png,0,175,203,186,213
lane_data/ado_in_lane/camera_image_959.png,1,4,269,395,415
lane_data/ado_not_in_lane/camera_image_755.png,0,186,202,193,208
lane_data/ado_not_in_lane/camera_image_785.png,0,213,203,223,212
lane_data/ado_in_lane/camera_image_112.png,1,197,203,205,211
lane_data/ado_in_lane/camera_image_937.png,1,195,204,203,210
lane_data/ado_in_lane/camera_image_294.png,1,197,203,205,209
lane_data/ado_in_lane/camera_image_314.png,1,187,205,214,229
lane_data/ado_not_in_lane/camera_image_332.png,0,209,203,218,209
lane_data/ado_not_in_lane/camera_image_478.png,0,214,204,224,213
lane_data/ado_in_lane/camera_image_425.png,1,198,202,204,209
lane_data/ado_in_lane/camera_image_938.png,1,195,203,202,209
lane_data/ado_in_lane/camera_image_274.png,1,197,203,204,209
lane_data/ado_in_lane/camera_image_137.png,1,197,204,205,212
lane_data/ado_in_lane/camera_image_943.png,1,-1,258,402,416
lane_data/ado_in_lane/camera_image_530.png,1,4,270,401,414
lane_data/ado_in_lane/camera_image_330.png,1,197,203,204,210
lane_data/ado_in_lane/camera_image_592.png,1,9,254,398,422
lane_data/ado_not_in_lane/camera_image_674.png,0,167,203,182,216
lane_data/ado_in_lane/camera_image_387.png,1,198,202,203,208
lane_data/ado_in_lane/camera_image_704.png,1,23,213,381,418
lane_data/ado_in_lane/camera_image_936.png,1,23,209,379,421
lane_data/ado_in_lane/camera_image_984.png,1,-3,262,394,417
lane_data/ado_in_lane/camera_image_141.png,1,186,206,214,234
lane_data/ado_in_lane/camera_image_503.png,1,9,295,392,417
lane_data/ado_not_in_lane/camera_image_154.png,0,156,203,180,220
lane_data/ado_not_in_lane/camera_image_933.png,0,209,203,217,209
lane_data/ado_in_lane/camera_image_32.png,1,197,203,204,209
lane_data/ado_in_lane/camera_image_666.png,1,196,203,205,211
lane_data/ado_in_lane/camera_image_480.png,1,195,204,202,210
lane_data/ado_in_lane/camera_image_49.png,1,3,266,400,419
lane_data/ado_not_in_lane/camera_image_978.png,0,181,202,190,210
lane_data/ado_in_lane/camera_image_827.png,1,197,202,204,208
lane_data/ado_in_lane/camera_image_824.png,1,4,256,402,419
lane_data/ado_not_in_lane/camera_image_879.png,0,212,203,221,212
lane_data/ado_in_lane/camera_image_8.png,1,4,263,401,419
lane_data/ado_not_in_lane/camera_image_938.png,0,185,201,192,208
lane_data/ado_in_lane/camera_image_718.png,1,1,261,400,417
lane_data/ado_in_lane/camera_image_527.png,1,5,262,401,413
lane_data/ado_in_lane/camera_image_825.png,1,196,204,205,213
lane_data/ado_not_in_lane/camera_image_496.png,0,185,201,193,208
lane_data/ado_not_in_lane/camera_image_875.png,0,133,205,170,227
lane_data/ado_not_in_lane/camera_image_873.png,0,125,206,170,232
lane_data/ado_in_lane/camera_image_763.png,1,196,204,205,212
lane_data/ado_not_in_lane/camera_image_441.png,0,216,205,228,215
lane_data/ado_not_in_lane/camera_image_667.png,0,216,204,231,217
lane_data/ado_in_lane/camera_image_749.png,1,-2,266,397,415
lane_data/ado_in_lane/camera_image_727.png,1,-2,254,401,418
lane_data/ado_not_in_lane/camera_image_697.png,0,212,203,220,211
lane_data/ado_in_lane/camera_image_105.png,1,192,204,209,222
lane_data/ado_not_in_lane/camera_image_122.png,0,220,207,238,219
lane_data/ado_not_in_lane/camera_image_599.png,0,149,205,177,223
lane_data/ado_not_in_lane/camera_image_434.png,0,209,203,218,210
lane_data/ado_in_lane/camera_image_812.png,1,3,253,400,420
lane_data/ado_not_in_lane/camera_image_535.png,0,128,206,167,232
lane_data/ado_not_in_lane/camera_image_894.png,0,133,206,170,227
lane_data/ado_in_lane/camera_image_576.png,1,4,269,397,416
lane_data/ado_in_lane/camera_image_22.png,1,196,203,205,211
lane_data/ado_in_lane/camera_image_738.png,1,1,266,398,416
lane_data/ado_not_in_lane/camera_image_279.png,0,208,203,216,208
lane_data/ado_in_lane/camera_image_945.png,1,195,205,205,213
lane_data/ado_not_in_lane/camera_image_17.png,0,212,203,222,212
lane_data/ado_not_in_lane/camera_image_299.png,0,233,211,285,241
lane_data/ado_in_lane/camera_image_229.png,1,197,202,204,209
lane_data/ado_not_in_lane/camera_image_29.png,0,208,202,215,208
lane_data/ado_in_lane/camera_image_884.png,1,198,202,204,209
lane_data/ado_in_lane/camera_image_298.png,1,196,203,202,209
lane_data/ado_in_lane/camera_image_71.png,1,1,262,406,415
lane_data/ado_in_lane/camera_image_133.png,1,187,204,213,228
lane_data/ado_in_lane/camera_image_653.png,1,1,252,407,417
lane_data/ado_in_lane/camera_image_519.png,1,4,258,399,421
lane_data/ado_in_lane/camera_image_110.png,1,197,202,204,209
lane_data/ado_not_in_lane/camera_image_196.png,0,208,203,216,208
lane_data/ado_not_in_lane/camera_image_263.png,0,155,204,180,222
lane_data/ado_in_lane/camera_image_642.png,1,196,203,201,208
lane_data/ado_in_lane/camera_image_838.png,1,-6,260,400,417
lane_data/ado_in_lane/camera_image_547.png,1,1,265,401,417
lane_data/ado_in_lane/camera_image_551.png,1,3,254,402,418
lane_data/ado_in_lane/camera_image_264.png,1,197,202,203,208
lane_data/ado_in_lane/camera_image_483.png,1,197,202,204,209
lane_data/ado_not_in_lane/camera_image_396.png,0,216,205,226,214
lane_data/ado_in_lane/camera_image_226.png,1,190,205,210,225
lane_data/ado_not_in_lane/camera_image_552.png,0,177,203,187,211
lane_data/ado_not_in_lane/camera_image_160.png,0,208,202,217,209
lane_data/ado_in_lane/camera_image_349.png,1,197,203,204,209
lane_data/ado_in_lane/camera_image_854.png,1,196,202,205,212
lane_data/ado_in_lane/camera_image_914.png,1,-4,263,406,416
lane_data/ado_not_in_lane/camera_image_817.png,0,185,203,193,208
lane_data/ado_in_lane/camera_image_625.png,1,197,202,205,210
lane_data/ado_not_in_lane/camera_image_608.png,0,216,205,227,215
lane_data/ado_in_lane/camera_image_504.png,1,7,266,399,418
lane_data/ado_not_in_lane/camera_image_652.png,0,111,208,169,237
lane_data/ado_in_lane/camera_image_759.png,1,17,210,388,416
lane_data/ado_not_in_lane/camera_image_583.png,0,181,202,190,209
lane_data/ado_in_lane/camera_image_356.png,1,196,204,205,212
lane_data/ado_in_lane/camera_image_333.png,1,197,202,204,208
lane_data/ado_in_lane/camera_image_323.png,1,197,202,204,209
lane_data/ado_not_in_lane/camera_image_870.png,0,182,203,191,210
lane_data/ado_not_in_lane/camera_image_711.png,0,233,212,285,240
lane_data/ado_in_lane/camera_image_932.png,1,-3,257,396,416
lane_data/ado_not_in_lane/camera_image_904.png,0,214,204,225,212
lane_data/ado_not_in_lane/camera_image_860.png,0,217,204,231,217
lane_data/ado_not_in_lane/camera_image_527.png,0,168,204,182,215
lane_data/ado_in_lane/camera_image_215.png,1,197,202,204,208
lane_data/ado_not_in_lane/camera_image_886.png,0,126,206,170,232
lane_data/ado_in_lane/camera_image_479.png,1,198,202,204,209
lane_data/ado_in_lane/camera_image_146.png,1,195,203,205,213
lane_data/ado_in_lane/camera_image_386.png,1,198,203,204,208
lane_data/ado_not_in_lane/camera_image_208.png,0,156,203,180,221
lane_data/ado_in_lane/camera_image_668.png,1,-2,239,395,421
lane_data/ado_not_in_lane/camera_image_803.png,0,182,201,190,209
lane_data/ado_in_lane/camera_image_120.png,1,198,202,203,208
lane_data/ado_in_lane/camera_image_381.png,1,196,204,205,213
lane_data/ado_not_in_lane/camera_image_212.png,0,208,202,214,208
lane_data/ado_in_lane/camera_image_200.png,1,189,203,209,224
lane_data/ado_in_lane/camera_image_363.png,1,197,203,205,210
lane_data/ado_not_in_lane/camera_image_95.png,0,209,202,217,209
lane_data/ado_not_in_lane/camera_image_705.png,0,181,201,190,210
lane_data/ado_in_lane/camera_image_79.png,1,18,216,385,417
lane_data/ado_in_lane/camera_image_183.png,1,197,202,204,209
lane_data/ado_not_in_lane/camera_image_899.png,0,185,202,192,207
lane_data/ado_not_in_lane/camera_image_523.png,0,225,205,255,225
lane_data/ado_in_lane/camera_image_412.png,1,191,204,209,223
lane_data/ado_not_in_lane/camera_image_889.png,0,185,202,192,208
lane_data/ado_in_lane/camera_image_794.png,1,-1,267,400,415
lane_data/ado_not_in_lane/camera_image_517.png,0,218,204,233,217
lane_data/ado_in_lane/camera_image_541.png,1,5,251,403,421
lane_data/ado_not_in_lane/camera_image_916.png,0,182,201,191,209
lane_data/ado_not_in_lane/camera_image_546.png,0,145,205,174,224
lane_data/ado_in_lane/camera_image_447.png,1,197,202,203,208
lane_data/ado_not_in_lane/camera_image_49.png,0,184,202,192,208
lane_data/ado_not_in_lane/camera_image_30.png,0,133,205,171,228
lane_data/ado_not_in_lane/camera_image_349.png,0,208,201,217,209
lane_data/ado_not_in_lane/camera_image_220.png,0,180,203,189,209
lane_data/ado_in_lane/camera_image_553.png,1,196,203,205,211
lane_data/ado_not_in_lane/camera_image_742.png,0,222,207,242,220
lane_data/ado_not_in_lane/camera_image_607.png,0,216,205,227,213
lane_data/ado_in_lane/camera_image_852.png,1,0,262,399,415
lane_data/ado_in_lane/camera_image_810.png,1,197,203,205,211
lane_data/ado_not_in_lane/camera_image_843.png,0,147,203,176,223
lane_data/ado_in_lane/camera_image_400.png,1,197,202,204,208
lane_data/ado_in_lane/camera_image_777.png,1,19,211,384,419
lane_data/ado_in_lane/camera_image_407.png,1,197,203,204,210
lane_data/ado_not_in_lane/camera_image_949.png,0,209,203,218,209
lane_data/ado_in_lane/camera_image_404.png,1,194,205,204,213
lane_data/ado_in_lane/camera_image_76.png,1,198,202,204,208
lane_data/ado_not_in_lane/camera_image_548.png,0,214,204,226,213
lane_data/ado_in_lane/camera_image_631.png,1,196,203,202,207
lane_data/ado_not_in_lane/camera_image_383.png,0,221,205,244,223
lane_data/ado_not_in_lane/camera_image_210.png,0,209,203,216,209
lane_data/ado_not_in_lane/camera_image_646.png,0,217,204,232,217
lane_data/ado_not_in_lane/camera_image_86.png,0,182,202,191,209
lane_data/ado_not_in_lane/camera_image_519.png,0,212,204,223,212
lane_data/ado_in_lane/camera_image_779.png,1,194,204,203,211
lane_data/ado_in_lane/camera_image_399.png,1,193,204,207,219
lane_data/ado_in_lane/camera_image_155.png,1,191,204,210,224
lane_data/ado_in_lane/camera_image_502.png,1,198,202,203,207
lane_data/ado_in_lane/camera_image_243.png,1,195,203,202,208
lane_data/ado_in_lane/camera_image_712.png,1,-2,263,398,416
lane_data/ado_in_lane/camera_image_464.png,1,196,202,201,208
lane_data/ado_in_lane/camera_image_451.png,1,196,204,205,213
lane_data/ado_not_in_lane/camera_image_64.png,0,181,203,190,211
lane_data/ado_not_in_lane/camera_image_305.png,0,186,202,193,207
lane_data/ado_in_lane/camera_image_842.png,1,0,266,397,414
lane_data/ado_not_in_lane/camera_image_178.png,0,154,204,179,222
lane_data/ado_in_lane/camera_image_972.png,1,2,264,403,416
lane_data/ado_in_lane/camera_image_97.png,1,193,205,205,214
lane_data/ado_in_lane/camera_image_918.png,1,2,257,396,419
lane_data/ado_not_in_lane/camera_image_439.png,0,221,205,244,222
lane_data/ado_in_lane/camera_image_701.png,1,197,202,205,209
lane_data/ado_in_lane/camera_image_601.png,1,196,205,205,213
lane_data/ado_in_lane/camera_image_550.png,1,6,254,401,417
lane_data/ado_in_lane/camera_image_57.png,1,-3,261,401,419
lane_data/ado_not_in_lane/camera_image_436.png,0,209,203,218,209
lane_data/ado_not_in_lane/camera_image_554.png,0,176,204,187,212
lane_data/ado_not_in_lane/camera_image_85.png,0,178,203,188,211
lane_data/ado_in_lane/camera_image_147.png,1,198,202,204,208
lane_data/ado_in_lane/camera_image_313.png,1,190,204,210,224
lane_data/ado_not_in_lane/camera_image_524.png,0,183,202,192,209
lane_data/ado_in_lane/camera_image_994.png,1,2,252,401,422
lane_data/ado_in_lane/camera_image_507.png,1,3,261,398,416
lane_data/ado_in_lane/camera_image_336.png,1,196,204,205,213
lane_data/ado_in_lane/camera_image_177.png,1,189,204,211,225
lane_data/ado_not_in_lane/camera_image_664.png,0,228,207,259,226
lane_data/ado_in_lane/camera_image_271.png,1,198,203,204,208
lane_data/ado_not_in_lane/camera_image_956.png,0,212,202,221,211
lane_data/ado_not_in_lane/camera_image_304.png,0,183,203,191,209
lane_data/ado_not_in_lane/camera_image_567.png,0,215,204,227,214
lane_data/ado_not_in_lane/camera_image_931.png,0,212,204,224,212
lane_data/ado_not_in_lane/camera_image_794.png,0,164,204,180,218
lane_data/ado_in_lane/camera_image_185.png,1,197,203,205,210
lane_data/ado_in_lane/camera_image_324.png,1,197,202,204,209
lane_data/ado_in_lane/camera_image_989.png,1,1,262,397,416
lane_data/ado_not_in_lane/camera_image_433.png,0,216,203,230,217
lane_data/ado_in_lane/camera_image_237.png,1,197,202,204,209
lane_data/ado_not_in_lane/camera_image_885.png,0,215,204,224,213
lane_data/ado_in_lane/camera_image_125.png,1,189,205,211,225
lane_data/ado_in_lane/camera_image_605.png,1,195,204,202,209
lane_data/ado_not_in_lane/camera_image_586.png,0,140,205,174,226
lane_data/ado_in_lane/camera_image_889.png,1,17,213,379,412
lane_data/ado_not_in_lane/camera_image_936.png,0,149,205,177,223
lane_data/ado_in_lane/camera_image_96.png,1,-1,256,402,419
lane_data/ado_in_lane/camera_image_401.png,1,193,204,207,219
lane_data/ado_not_in_lane/camera_image_257.png,0,164,205,181,218
lane_data/ado_in_lane/camera_image_413.png,1,198,202,203,208
lane_data/ado_in_lane/camera_image_982.png,1,0,266,403,415
lane_data/ado_not_in_lane/camera_image_825.png,0,218,205,233,219
lane_data/ado_in_lane/camera_image_596.png,1,19,209,384,419
lane_data/ado_in_lane/camera_image_47.png,1,195,204,206,213
lane_data/ado_not_in_lane/camera_image_977.png,0,181,201,190,209
lane_data/ado_in_lane/camera_image_265.png,1,193,204,208,220
lane_data/ado_not_in_lane/camera_image_286.png,0,208,202,218,209
lane_data/ado_not_in_lane/camera_image_83.png,0,167,204,182,216
lane_data/ado_in_lane/camera_image_326.png,1,197,202,204,209
lane_data/ado_in_lane/camera_image_438.png,1,196,203,205,210
lane_data/ado_not_in_lane/camera_image_45.png,0,207,203,214,208
lane_data/ado_in_lane/camera_image_770.png,1,3,255,400,422
lane_data/ado_in_lane/camera_image_245.png,1,197,203,204,210
lane_data/ado_in_lane/camera_image_389.png,1,197,203,204,209
lane_data/ado_not_in_lane/camera_image_821.png,0,210,204,217,209
lane_data/ado_in_lane/camera_image_367.png,1,185,205,215,236
lane_data/ado_not_in_lane/camera_image_315.png,0,208,203,217,209
lane_data/ado_not_in_lane/camera_image_986.png,0,208,203,216,209
lane_data/ado_not_in_lane/camera_image_780.png,0,172,204,184,214
lane_data/ado_not_in_lane/camera_image_596.png,0,183,202,192,208
lane_data/ado_not_in_lane/camera_image_466.png,0,227,207,255,226
lane_data/ado_in_lane/camera_image_588.png,1,3,253,402,420
lane_data/ado_in_lane/camera_image_151.png,1,197,202,204,208
lane_data/ado_not_in_lane/camera_image_339.png,0,173,203,186,213
lane_data/ado_in_lane/camera_image_867.png,1,195,203,202,209
lane_data/ado_not_in_lane/camera_image_864.png,0,206,202,214,208
lane_data/ado_not_in_lane/camera_image_288.png,0,178,203,188,210
lane_data/ado_in_lane/camera_image_456.png,1,196,203,205,211
lane_data/ado_in_lane/camera_image_101.png,1,193,204,207,220
lane_data/ado_not_in_lane/camera_image_20.png,0,222,206,241,220
lane_data/ado_not_in_lane/camera_image_393.png,0,183,201,192,209
lane_data/ado_in_lane/camera_image_418.png,1,197,202,204,208
lane_data/ado_in_lane/camera_image_370.png,1,198,203,204,209
lane_data/ado_in_lane/camera_image_383.png,1,198,202,203,208
lane_data/ado_not_in_lane/camera_image_144.png,0,164,205,182,218
lane_data/ado_not_in_lane/camera_image_859.png,0,181,201,190,209
lane_data/ado_in_lane/camera_image_600.png,1,195,204,206,214
lane_data/ado_in_lane/camera_image_72.png,1,3,257,403,419
lane_data/ado_in_lane/camera_image_508.png,1,197,203,205,210
lane_data/ado_in_lane/camera_image_280.png,1,195,204,202,209
lane_data/ado_in_lane/camera_image_260.png,1,185,205,215,236
lane_data/ado_not_in_lane/camera_image_404.png,0,212,203,221,212
lane_data/ado_not_in_lane/camera_image_446.png,0,112,208,169,238
lane_data/ado_not_in_lane/camera_image_750.png,0,184,201,193,208
lane_data/ado_not_in_lane/camera_image_871.png,0,229,207,268,230
lane_data/ado_in_lane/camera_image_858.png,1,193,205,207,219
lane_data/ado_not_in_lane/camera_image_411.png,0,212,203,222,212
lane_data/ado_not_in_lane/camera_image_700.png,0,207,202,214,208
lane_data/ado_in_lane/camera_image_578.png,1,2,264,402,417
lane_data/ado_not_in_lane/camera_image_431.png,0,209,203,218,209
lane_data/ado_in_lane/camera_image_834.png,1,195,205,206,215
lane_data/ado_not_in_lane/camera_image_672.png,0,178,203,187,211
lane_data/ado_not_in_lane/camera_image_787.png,0,209,203,217,210
lane_data/ado_in_lane/camera_image_58.png,1,-2,254,395,418
lane_data/ado_in_lane/camera_image_619.png,1,197,203,205,210
lane_data/ado_not_in_lane/camera_image_680.png,0,209,203,218,209
lane_data/ado_not_in_lane/camera_image_671.png,0,213,203,221,211
lane_data/ado_not_in_lane/camera_image_278.png,0,217,205,232,215
lane_data/ado_not_in_lane/camera_image_601.png,0,171,204,184,214
lane_data/ado_in_lane/camera_image_622.png,1,4,257,404,419
lane_data/ado_not_in_lane/camera_image_11.png,0,165,203,182,217
lane_data/ado_in_lane/camera_image_710.png,1,2,250,401,420
lane_data/ado_in_lane/camera_image_964.png,1,0,251,403,419
lane_data/ado_in_lane/camera_image_152.png,1,197,202,204,209
lane_data/ado_in_lane/camera_image_175.png,1,195,205,206,215
lane_data/ado_in_lane/camera_image_882.png,1,197,203,204,210
lane_data/ado_in_lane/camera_image_793.png,1,3,256,400,418
lane_data/ado_in_lane/camera_image_671.png,1,17,215,386,415
lane_data/ado_in_lane/camera_image_288.png,1,197,202,204,209
lane_data/ado_in_lane/camera_image_332.png,1,197,202,204,208
lane_data/ado_not_in_lane/camera_image_462.png,0,185,202,192,209
lane_data/ado_not_in_lane/camera_image_571.png,0,173,204,186,213
lane_data/ado_not_in_lane/camera_image_880.png,0,181,202,190,210
lane_data/ado_not_in_lane/camera_image_868.png,0,177,203,187,212
lane_data/ado_in_lane/camera_image_919.png,1,189,203,209,224
lane_data/ado_in_lane/camera_image_27.png,1,-2,265,403,412
lane_data/ado_in_lane/camera_image_56.png,1,3,266,394,415
lane_data/ado_not_in_lane/camera_image_140.png,0,158,204,180,219
lane_data/ado_not_in_lane/camera_image_386.png,0,179,203,188,210
lane_data/ado_in_lane/camera_image_979.png,1,-3,274,396,413
lane_data/ado_in_lane/camera_image_467.png,1,197,202,203,208
lane_data/ado_not_in_lane/camera_image_209.png,0,181,202,190,210
lane_data/ado_in_lane/camera_image_663.png,1,192,204,208,221
lane_data/ado_not_in_lane/camera_image_643.png,0,213,204,222,212
lane_data/ado_not_in_lane/camera_image_964.png,0,186,202,192,209
lane_data/ado_in_lane/camera_image_384.png,1,194,204,203,210
lane_data/ado_not_in_lane/camera_image_57.png,0,218,205,234,219
lane_data/ado_in_lane/camera_image_338.png,1,196,203,205,211
lane_data/ado_in_lane/camera_image_36.png,1,197,203,205,211
lane_data/ado_in_lane/camera_image_540.png,1,3,265,403,417
lane_data/ado_in_lane/camera_image_514.png,1,1,254,402,419
lane_data/ado_in_lane/camera_image_933.png,1,197,202,204,209
lane_data/ado_in_lane/camera_image_498.png,1,196,204,205,212
lane_data/ado_not_in_lane/camera_image_135.png,0,209,203,216,209
lane_data/ado_in_lane/camera_image_4.png,1,197,203,204,209
lane_data/ado_in_lane/camera_image_926.png,1,197,202,203,209
lane_data/ado_not_in_lane/camera_image_588.png,0,209,203,218,209
lane_data/ado_in_lane/camera_image_717.png,1,4,260,397,419
lane_data/ado_not_in_lane/camera_image_227.png,0,209,203,217,209
lane_data/ado_in_lane/camera_image_422.png,1,196,204,205,211
lane_data/ado_in_lane/camera_image_855.png,1,-2,269,405,415
lane_data/ado_in_lane/camera_image_222.png,1,196,205,205,214
lane_data/ado_not_in_lane/camera_image_350.png,0,109,208,170,238
lane_data/ado_in_lane/camera_image_610.png,1,197,203,204,209
lane_data/ado_in_lane/camera_image_328.png,1,197,203,204,209
lane_data/ado_not_in_lane/camera_image_743.png,0,218,204,233,217
lane_data/ado_in_lane/camera_image_69.png,1,197,202,204,209
lane_data/ado_in_lane/camera_image_648.png,1,11,209,380,417
lane_data/ado_not_in_lane/camera_image_142.png,0,140,206,174,225
lane_data/ado_not_in_lane/camera_image_792.png,0,183,202,192,209
lane_data/ado_in_lane/camera_image_343.png,1,195,204,206,216
lane_data/ado_in_lane/camera_image_559.png,1,1,260,401,417
lane_data/ado_not_in_lane/camera_image_451.png,0,173,204,186,213
lane_data/ado_in_lane/camera_image_621.png,1,20,210,386,421
lane_data/ado_in_lane/camera_image_638.png,1,196,204,205,213
lane_data/ado_in_lane/camera_image_577.png,1,19,212,384,414
lane_data/ado_not_in_lane/camera_image_417.png,0,157,204,176,221
lane_data/ado_not_in_lane/camera_image_510.png,0,182,202,191,210
lane_data/ado_in_lane/camera_image_25.png,1,196,203,205,212
lane_data/ado_not_in_lane/camera_image_714.png,0,216,203,231,216
lane_data/ado_not_in_lane/camera_image_514.png,0,209,203,217,209
lane_data/ado_in_lane/camera_image_462.png,1,193,205,207,218
lane_data/ado_in_lane/camera_image_875.png,1,197,203,205,209
lane_data/ado_in_lane/camera_image_211.png,1,197,202,203,208
lane_data/ado_in_lane/camera_image_231.png,1,196,203,205,211
lane_data/ado_not_in_lane/camera_image_915.png,0,218,205,233,217
lane_data/ado_in_lane/camera_image_615.png,1,197,202,205,209
lane_data/ado_in_lane/camera_image_297.png,1,197,202,204,209
lane_data/ado_not_in_lane/camera_image_853.png,0,181,202,190,210
lane_data/ado_not_in_lane/camera_image_775.png,0,228,208,268,230
lane_data/ado_in_lane/camera_image_691.png,1,1,263,397,416
lane_data/ado_not_in_lane/camera_image_450.png,0,172,204,186,213
lane_data/ado_in_lane/camera_image_608.png,1,197,202,204,208
lane_data/ado_not_in_lane/camera_image_3.png,0,159,203,180,220
lane_data/ado_in_lane/camera_image_674.png,1,197,202,204,208
lane_data/ado_not_in_lane/camera_image_369.png,0,234,208,260,227
lane_data/ado_not_in_lane/camera_image_622.png,0,217,205,233,217
lane_data/ado_not_in_lane/camera_image_331.png,0,171,203,185,215
lane_data/ado_not_in_lane/camera_image_620.png,0,158,204,181,220
lane_data/ado_in_lane/camera_image_99.png,1,196,203,205,210
lane_data/ado_in_lane/camera_image_992.png,1,3,252,394,420
lane_data/ado_in_lane/camera_image_620.png,1,197,202,204,209
lane_data/ado_not_in_lane/camera_image_823.png,0,214,204,223,213
lane_data/ado_not_in_lane/camera_image_267.png,0,180,203,190,211
lane_data/ado_not_in_lane/camera_image_682.png,0,176,204,188,212
lane_data/ado_in_lane/camera_image_866.png,1,0,264,397,417
lane_data/ado_in_lane/camera_image_837.png,1,-1,270,397,415
lane_data/ado_in_lane/camera_image_894.png,1,3,264,399,414
lane_data/ado_in_lane/camera_image_983.png,1,197,203,205,210
lane_data/ado_in_lane/camera_image_773.png,1,18,212,389,419
lane_data/ado_not_in_lane/camera_image_244.png,0,126,206,170,232
lane_data/ado_not_in_lane/camera_image_878.png,0,209,202,217,208
lane_data/ado_not_in_lane/camera_image_663.png,0,214,204,224,213
lane_data/ado_not_in_lane/camera_image_542.png,0,181,203,190,210
lane_data/ado_in_lane/camera_image_904.png,1,3,257,401,420
lane_data/ado_not_in_lane/camera_image_974.png,0,182,201,191,210
lane_data/ado_not_in_lane/camera_image_239.png,0,171,203,184,214
lane_data/ado_not_in_lane/camera_image_253.png,0,219,205,237,220
lane_data/ado_not_in_lane/camera_image_492.png,0,182,201,191,209
lane_data/ado_not_in_lane/camera_image_887.png,0,163,204,181,218
lane_data/ado_in_lane/camera_image_410.png,1,196,204,205,212
lane_data/ado_not_in_lane/camera_image_402.png,0,187,201,193,207
lane_data/ado_not_in_lane/camera_image_354.png,0,216,204,233,216
lane_data/ado_in_lane/camera_image_785.png,1,15,208,380,419
lane_data/ado_not_in_lane/camera_image_559.png,0,228,207,275,234
lane_data/ado_not_in_lane/camera_image_644.png,0,239,209,273,233
lane_data/ado_not_in_lane/camera_image_993.png,0,209,203,217,209
lane_data/ado_in_lane/camera_image_303.png,1,197,202,204,208
lane_data/ado_in_lane/camera_image_607.png,1,195,204,205,213
lane_data/ado_in_lane/camera_image_129.png,1,189,205,211,225
lane_data/ado_not_in_lane/camera_image_598.png,0,216,204,228,214
lane_data/ado_not_in_lane/camera_image_271.png,0,174,204,186,212
lane_data/ado_not_in_lane/camera_image_186.png,0,167,204,182,215
lane_data/ado_not_in_lane/camera_image_619.png,0,218,204,234,217
lane_data/ado_in_lane/camera_image_808.png,1,3,254,400,420
lane_data/ado_in_lane/camera_image_214.png,1,196,204,205,213
lane_data/ado_not_in_lane/camera_image_221.png,0,171,204,184,215
lane_data/ado_not_in_lane/camera_image_808.png,0,213,204,222,212
lane_data/ado_in_lane/camera_image_409.png,1,198,202,203,208
lane_data/ado_in_lane/camera_image_632.png,1,197,203,204,209
lane_data/ado_in_lane/camera_image_277.png,1,192,204,208,221
lane_data/ado_not_in_lane/camera_image_215.png,0,164,205,180,218
lane_data/ado_not_in_lane/camera_image_954.png,0,171,203,184,214
lane_data/ado_not_in_lane/camera_image_268.png,0,208,202,216,208
lane_data/ado_in_lane/camera_image_762.png,1,195,203,202,209
lane_data/ado_in_lane/camera_image_209.png,1,196,202,205,209
lane_data/ado_in_lane/camera_image_395.png,1,187,205,213,227
lane_data/ado_not_in_lane/camera_image_946.png,0,182,201,191,209
lane_data/ado_in_lane/camera_image_956.png,1,0,265,395,417
lane_data/ado_in_lane/camera_image_971.png,1,-3,255,398,416
lane_data/ado_in_lane/camera_image_796.png,1,-1,255,402,420
lane_data/ado_not_in_lane/camera_image_381.png,0,218,204,234,217
lane_data/ado_in_lane/camera_image_859.png,1,0,274,399,412
lane_data/ado_in_lane/camera_image_281.png,1,181,209,221,248
lane_data/ado_in_lane/camera_image_853.png,1,3,259,399,420
lane_data/ado_in_lane/camera_image_17.png,1,18,210,384,419
lane_data/ado_in_lane/camera_image_572.png,1,1,264,397,417
lane_data/ado_in_lane/camera_image_589.png,1,1,265,400,416
lane_data/ado_in_lane/camera_image_360.png,1,184,204,217,237
lane_data/ado_in_lane/camera_image_235.png,1,195,203,205,212
lane_data/ado_not_in_lane/camera_image_556.png,0,24,204,377,419
lane_data/ado_not_in_lane/camera_image_631.png,0,215,204,225,213
lane_data/ado_not_in_lane/camera_image_1.png,0,162,203,180,220
lane_data/ado_in_lane/camera_image_87.png,1,0,271,400,414
lane_data/ado_in_lane/camera_image_750.png,1,0,262,402,416
lane_data/ado_not_in_lane/camera_image_238.png,0,209,202,217,210
lane_data/ado_not_in_lane/camera_image_180.png,0,213,205,224,213
lane_data/ado_in_lane/camera_image_84.png,1,197,202,204,209
lane_data/ado_not_in_lane/camera_image_328.png,0,209,203,216,209
lane_data/ado_not_in_lane/camera_image_455.png,0,172,204,183,214
lane_data/ado_in_lane/camera_image_357.png,1,196,204,205,212
lane_data/ado_not_in_lane/camera_image_560.png,0,221,206,247,223
lane_data/ado_not_in_lane/camera_image_399.png,0,208,202,215,209
lane_data/ado_in_lane/camera_image_210.png,1,197,202,204,209
lane_data/ado_not_in_lane/camera_image_798.png,0,183,203,192,210
lane_data/ado_not_in_lane/camera_image_68.png,0,178,204,187,211
lane_data/ado_in_lane/camera_image_142.png,1,196,201,205,210
lane_data/ado_not_in_lane/camera_image_928.png,0,226,206,255,226
lane_data/ado_in_lane/camera_image_683.png,1,195,205,206,214
lane_data/ado_not_in_lane/camera_image_958.png,0,223,206,247,224
lane_data/ado_not_in_lane/camera_image_319.png,0,181,202,189,209
lane_data/ado_in_lane/camera_image_158.png,1,196,202,205,210
lane_data/ado_in_lane/camera_image_347.png,1,197,203,204,210
lane_data/ado_not_in_lane/camera_image_94.png,0,171,203,186,214
lane_data/ado_not_in_lane/camera_image_701.png,0,182,201,191,208
lane_data/ado_in_lane/camera_image_393.png,1,190,204,210,224
lane_data/ado_in_lane/camera_image_685.png,1,18,207,386,420
lane_data/ado_not_in_lane/camera_image_264.png,0,215,204,227,214
lane_data/ado_in_lane/camera_image_700.png,1,14,211,387,420
lane_data/ado_in_lane/camera_image_987.png,1,192,204,208,220
lane_data/ado_not_in_lane/camera_image_580.png,0,142,205,175,225
lane_data/ado_not_in_lane/camera_image_79.png,0,230,208,267,229
lane_data/ado_not_in_lane/camera_image_917.png,0,207,202,215,209
lane_data/ado_in_lane/camera_image_437.png,1,193,204,208,219
lane_data/ado_in_lane/camera_image_734.png,1,196,204,205,211
lane_data/ado_in_lane/camera_image_450.png,1,194,203,206,214
lane_data/ado_in_lane/camera_image_301.png,1,197,203,205,210
lane_data/ado_in_lane/camera_image_986.png,1,192,204,208,220
lane_data/ado_in_lane/camera_image_248.png,1,197,203,203,208
lane_data/ado_in_lane/camera_image_469.png,1,196,204,205,212
lane_data/ado_in_lane/camera_image_680.png,1,189,205,211,225
lane_data/ado_in_lane/camera_image_815.png,1,193,206,207,217
lane_data/ado_in_lane/camera_image_811.png,1,1,271,398,414
lane_data/ado_in_lane/camera_image_872.png,1,-1,255,403,422
lane_data/ado_not_in_lane/camera_image_73.png,0,228,207,268,230
lane_data/ado_in_lane/camera_image_644.png,1,2,262,399,417
lane_data/ado_in_lane/camera_image_746.png,1,197,202,204,208
lane_data/ado_in_lane/camera_image_696.png,1,197,202,204,209
lane_data/ado_in_lane/camera_image_170.png,1,196,203,205,211
lane_data/ado_not_in_lane/camera_image_465.png,0,184,202,192,208
lane_data/ado_not_in_lane/camera_image_846.png,0,216,203,230,217
lane_data/ado_in_lane/camera_image_731.png,1,197,203,204,209
lane_data/ado_not_in_lane/camera_image_569.png,0,183,202,191,209
lane_data/ado_not_in_lane/camera_image_77.png,0,177,203,187,212
lane_data/ado_in_lane/camera_image_673.png,1,17,213,385,415
lane_data/ado_not_in_lane/camera_image_503.png,0,209,203,217,209
lane_data/ado_in_lane/camera_image_228.png,1,195,204,205,214
lane_data/ado_in_lane/camera_image_443.png,1,196,203,205,210
lane_data/ado_in_lane/camera_image_276.png,1,198,202,204,208
lane_data/ado_in_lane/camera_image_40.png,1,2,258,398,419
lane_data/ado_not_in_lane/camera_image_511.png,0,179,203,187,209
lane_data/ado_in_lane/camera_image_382.png,1,197,203,205,210
lane_data/ado_in_lane/camera_image_127.png,1,193,204,208,219
lane_data/ado_not_in_lane/camera_image_844.png,0,176,203,188,212
lane_data/ado_in_lane/camera_image_780.png,1,195,204,202,209
lane_data/ado_not_in_lane/camera_image_2.png,0,175,204,187,213
lane_data/ado_in_lane/camera_image_536.png,1,2,259,399,416
lane_data/ado_in_lane/camera_image_436.png,1,197,204,205,211
lane_data/ado_not_in_lane/camera_image_440.png,0,213,203,223,212
lane_data/ado_not_in_lane/camera_image_480.png,0,145,206,175,224
lane_data/ado_not_in_lane/camera_image_189.png,0,218,204,233,217
lane_data/ado_in_lane/camera_image_509.png,1,17,206,388,422
lane_data/ado_not_in_lane/camera_image_488.png,0,214,203,223,212
lane_data/ado_not_in_lane/camera_image_813.png,0,208,203,216,208
lane_data/ado_in_lane/camera_image_307.png,1,197,203,205,210
lane_data/ado_not_in_lane/camera_image_640.png,0,166,203,181,216
lane_data/ado_not_in_lane/camera_image_26.png,0,172,204,186,214
lane_data/ado_not_in_lane/camera_image_310.png,0,169,203,182,215
lane_data/ado_not_in_lane/camera_image_318.png,0,184,201,192,208
lane_data/ado_in_lane/camera_image_798.png,1,193,205,208,219
lane_data/ado_in_lane/camera_image_927.png,1,197,202,204,208
lane_data/ado_in_lane/camera_image_594.png,1,196,203,205,211
lane_data/ado_in_lane/camera_image_406.png,1,198,203,204,209
lane_data/ado_not_in_lane/camera_image_235.png,0,208,202,216,209
lane_data/ado_not_in_lane/camera_image_200.png,0,176,204,187,212
lane_data/ado_not_in_lane/camera_image_536.png,0,209,202,217,209
lane_data/ado_not_in_lane/camera_image_99.png,0,220,206,238,219
lane_data/ado_in_lane/camera_image_557.png,1,4,259,399,417
lane_data/ado_not_in_lane/camera_image_413.png,0,224,207,249,224
lane_data/ado_not_in_lane/camera_image_658.png,0,183,202,191,209
lane_data/ado_in_lane/camera_image_604.png,1,195,204,202,210
lane_data/ado_in_lane/camera_image_335.png,1,197,203,204,210
lane_data/ado_not_in_lane/camera_image_60.png,0,209,203,217,209
lane_data/ado_not_in_lane/camera_image_37.png,0,162,204,181,218
lane_data/ado_in_lane/camera_image_944.png,1,195,205,206,214
lane_data/ado_not_in_lane/camera_image_941.png,0,174,203,186,212
lane_data/ado_not_in_lane/camera_image_545.png,0,217,203,230,217
lane_data/ado_in_lane/camera_image_178.png,1,189,204,211,225
lane_data/ado_in_lane/camera_image_169.png,1,188,204,212,227
lane_data/ado_not_in_lane/camera_image_768.png,0,223,206,249,224
lane_data/ado_not_in_lane/camera_image_747.png,0,182,201,191,209
lane_data/ado_not_in_lane/camera_image_240.png,0,210,203,217,209
lane_data/ado_in_lane/camera_image_161.png,1,193,205,208,219
lane_data/ado_not_in_lane/camera_image_5.png,0,172,204,186,213
lane_data/ado_in_lane/camera_image_116.png,1,197,202,204,208
lane_data/ado_in_lane/camera_image_923.png,1,197,203,204,210
lane_data/ado_not_in_lane/camera_image_929.png,0,219,204,238,220
lane_data/ado_in_lane/camera_image_929.png,1,2,246,402,422
lane_data/ado_in_lane/camera_image_296.png,1,198,202,203,208
lane_data/ado_not_in_lane/camera_image_165.png,0,213,203,224,213
lane_data/ado_in_lane/camera_image_784.png,1,5,252,399,421
lane_data/ado_not_in_lane/camera_image_684.png,0,168,204,183,216
lane_data/ado_not_in_lane/camera_image_699.png,0,216,204,232,216
lane_data/ado_in_lane/camera_image_44.png,1,-4,253,401,419
lane_data/ado_in_lane/camera_image_20.png,1,16,212,387,418
lane_data/ado_in_lane/camera_image_392.png,1,192,204,208,221
lane_data/ado_not_in_lane/camera_image_368.png,0,170,203,184,215
lane_data/ado_not_in_lane/camera_image_284.png,0,212,203,222,211
lane_data/ado_in_lane/camera_image_845.png,1,14,213,387,416
lane_data/ado_not_in_lane/camera_image_543.png,0,223,206,247,224
lane_data/ado_not_in_lane/camera_image_62.png,0,208,203,216,209
lane_data/ado_in_lane/camera_image_934.png,1,194,204,206,215
lane_data/ado_not_in_lane/camera_image_837.png,0,172,204,185,213
lane_data/ado_in_lane/camera_image_664.png,1,196,204,205,212
lane_data/ado_not_in_lane/camera_image_117.png,0,177,203,187,210
lane_data/ado_not_in_lane/camera_image_15.png,0,173,204,187,213
lane_data/ado_not_in_lane/camera_image_103.png,0,228,208,275,233
lane_data/ado_not_in_lane/camera_image_376.png,0,151,206,173,223
lane_data/ado_not_in_lane/camera_image_626.png,0,161,205,181,218
lane_data/ado_not_in_lane/camera_image_489.png,0,186,201,193,207
lane_data/ado_not_in_lane/camera_image_760.png,0,171,204,183,214
lane_data/ado_in_lane/camera_image_646.png,1,197,203,205,210
lane_data/ado_in_lane/camera_image_670.png,1,19,214,386,416
lane_data/ado_in_lane/camera_image_489.png,1,197,202,204,209
lane_data/ado_not_in_lane/camera_image_965.png,0,175,204,186,212
lane_data/ado_in_lane/camera_image_558.png,1,3,267,397,415
lane_data/ado_not_in_lane/camera_image_125.png,0,174,203,186,212
lane_data/ado_in_lane/camera_image_706.png,1,197,202,204,209
lane_data/ado_in_lane/camera_image_236.png,1,197,202,204,208
lane_data/ado_in_lane/camera_image_969.png,1,9,272,395,413
lane_data/ado_not_in_lane/camera_image_493.png,0,126,206,169,232
lane_data/ado_not_in_lane/camera_image_414.png,0,183,201,192,208
lane_data/ado_in_lane/camera_image_525.png,1,4,258,396,419
lane_data/ado_not_in_lane/camera_image_473.png,0,181,202,191,209
lane_data/ado_not_in_lane/camera_image_650.png,0,170,204,185,215
lane_data/ado_not_in_lane/camera_image_995.png,0,208,203,216,209
lane_data/ado_in_lane/camera_image_737.png,1,198,203,204,208
lane_data/ado_not_in_lane/camera_image_753.png,0,209,203,218,210
lane_data/ado_not_in_lane/camera_image_391.png,0,211,202,221,210
lane_data/ado_in_lane/camera_image_499.png,1,195,205,206,214
lane_data/ado_not_in_lane/camera_image_504.png,0,142,205,173,225
lane_data/ado_not_in_lane/camera_image_557.png,0,213,204,223,212
lane_data/ado_in_lane/camera_image_595.png,1,195,204,206,214
lane_data/ado_in_lane/camera_image_726.png,1,-3,256,408,417
lane_data/ado_in_lane/camera_image_921.png,1,2,255,397,420
lane_data/ado_not_in_lane/camera_image_50.png,0,177,203,188,211
lane_data/ado_in_lane/camera_image_583.png,1,3,262,392,418
lane_data/ado_not_in_lane/camera_image_828.png,0,180,202,190,209
lane_data/ado_not_in_lane/camera_image_581.png,0,212,203,221,212
lane_data/ado_not_in_lane/camera_image_884.png,0,210,203,218,209
lane_data/ado_in_lane/camera_image_29.png,1,198,202,204,209
lane_data/ado_not_in_lane/camera_image_796.png,0,219,205,233,218
lane_data/ado_not_in_lane/camera_image_715.png,0,132,207,170,231
lane_data/ado_not_in_lane/camera_image_772.png,0,218,204,233,216
lane_data/ado_in_lane/camera_image_262.png,1,196,204,205,211
lane_data/ado_in_lane/camera_image_163.png,1,197,202,204,209
lane_data/ado_not_in_lane/camera_image_177.png,0,214,203,224,212
lane_data/ado_in_lane/camera_image_650.png,1,197,203,205,211
lane_data/ado_not_in_lane/camera_image_207.png,0,221,204,243,222
lane_data/ado_in_lane/camera_image_128.png,1,191,204,209,222
lane_data/ado_not_in_lane/camera_image_118.png,0,212,203,221,211
lane_data/ado_in_lane/camera_image_857.png,1,0,267,403,415
lane_data/ado_in_lane/camera_image_7.png,1,191,203,209,222
lane_data/ado_not_in_lane/camera_image_249.png,0,215,204,226,212
lane_data/ado_in_lane/camera_image_612.png,1,196,203,202,208
lane_data/ado_not_in_lane/camera_image_918.png,0,208,203,216,209
lane_data/ado_not_in_lane/camera_image_721.png,0,218,205,232,216
lane_data/ado_in_lane/camera_image_892.png,1,-3,259,398,417
lane_data/ado_in_lane/camera_image_341.png,1,195,204,206,215
lane_data/ado_in_lane/camera_image_205.png,1,196,202,205,211
lane_data/ado_not_in_lane/camera_image_187.png,0,185,201,192,208
lane_data/ado_not_in_lane/camera_image_357.png,0,170,203,182,214
lane_data/ado_in_lane/camera_image_756.png,1,2,253,402,419
lane_data/ado_in_lane/camera_image_168.png,1,197,202,204,210
lane_data/ado_in_lane/camera_image_698.png,1,196,203,201,208
lane_data/ado_not_in_lane/camera_image_225.png,0,164,205,182,217
lane_data/ado_not_in_lane/camera_image_42.png,0,113,207,168,237
lane_data/ado_in_lane/camera_image_396.png,1,196,203,205,211
lane_data/ado_not_in_lane/camera_image_628.png,0,214,204,224,212
lane_data/ado_not_in_lane/camera_image_388.png,0,173,203,185,212
lane_data/ado_in_lane/camera_image_30.png,1,195,204,206,215
lane_data/ado_in_lane/camera_image_856.png,1,0,270,395,415
lane_data/ado_not_in_lane/camera_image_262.png,0,227,207,268,230
lane_data/ado_in_lane/camera_image_906.png,1,192,205,209,220
lane_data/ado_not_in_lane/camera_image_924.png,0,164,205,182,218
lane_data/ado_in_lane/camera_image_893.png,1,0,257,405,419
lane_data/ado_not_in_lane/camera_image_44.png,0,216,205,227,214
lane_data/ado_in_lane/camera_image_529.png,1,2,259,397,417
lane_data/ado_not_in_lane/camera_image_379.png,0,222,206,241,222
lane_data/ado_not_in_lane/camera_image_182.png,0,110,209,169,238
lane_data/ado_in_lane/camera_image_506.png,1,3,264,398,416
lane_data/ado_in_lane/camera_image_108.png,1,197,202,204,209
lane_data/ado_in_lane/camera_image_722.png,1,5,252,399,422
lane_data/ado_not_in_lane/camera_image_291.png,0,181,202,190,210
lane_data/ado_not_in_lane/camera_image_277.png,0,185,202,193,208
lane_data/ado_in_lane/camera_image_761.png,1,-1,251,401,420
lane_data/ado_in_lane/camera_image_996.png,1,21,212,379,418
lane_data/ado_in_lane/camera_image_359.png,1,197,202,205,210
lane_data/ado_in_lane/camera_image_667.png,1,16,212,382,416
lane_data/ado_not_in_lane/camera_image_914.png,0,213,204,223,212
lane_data/ado_in_lane/camera_image_477.png,1,198,202,203,207
lane_data/ado_in_lane/camera_image_614.png,1,1,265,393,417
lane_data/ado_not_in_lane/camera_image_706.png,0,175,203,185,212
lane_data/ado_in_lane/camera_image_920.png,1,195,204,206,215
lane_data/ado_not_in_lane/camera_image_969.png,0,172,203,185,213
lane_data/ado_in_lane/camera_image_194.png,1,196,203,205,211
lane_data/ado_in_lane/camera_image_61.png,1,197,202,204,209
lane_data/ado_not_in_lane/camera_image_895.png,0,181,202,190,210
lane_data/ado_not_in_lane/camera_image_502.png,0,178,204,188,211
lane_data/ado_not_in_lane/camera_image_736.png,0,186,202,192,207
lane_data/ado_not_in_lane/camera_image_330.png,0,208,203,216,208
lane_data/ado_not_in_lane/camera_image_602.png,0,210,204,218,210
lane_data/ado_in_lane/camera_image_191.png,1,193,204,207,219
lane_data/ado_not_in_lane/camera_image_4.png,0,126,209,161,230
lane_data/ado_in_lane/camera_image_818.png,1,1,267,400,416
lane_data/ado_not_in_lane/camera_image_51.png,0,215,205,227,214
lane_data/ado_in_lane/camera_image_713.png,1,197,203,205,210
lane_data/ado_in_lane/camera_image_740.png,1,197,203,205,211
lane_data/ado_in_lane/camera_image_860.png,1,0,262,402,418
lane_data/ado_in_lane/camera_image_380.png,1,197,202,204,208
lane_data/ado_in_lane/camera_image_86.png,1,23,212,382,417
lane_data/ado_not_in_lane/camera_image_454.png,0,185,201,193,208
lane_data/ado_in_lane/camera_image_887.png,1,-1,266,397,416
lane_data/ado_not_in_lane/camera_image_351.png,0,222,206,241,221
lane_data/ado_not_in_lane/camera_image_558.png,0,181,200,191,209
lane_data/ado_not_in_lane/camera_image_589.png,0,177,203,188,211
lane_data/ado_not_in_lane/camera_image_157.png,0,184,201,191,208
lane_data/ado_not_in_lane/camera_image_909.png,0,171,203,184,214
lane_data/ado_not_in_lane/camera_image_692.png,0,213,204,224,212
lane_data/ado_in_lane/camera_image_493.png,1,193,205,207,218
lane_data/ado_not_in_lane/camera_image_415.png,0,221,205,237,219
lane_data/ado_not_in_lane/camera_image_801.png,0,209,203,217,209
lane_data/ado_not_in_lane/camera_image_487.png,0,175,204,186,212
lane_data/ado_not_in_lane/camera_image_845.png,0,226,206,260,226
lane_data/ado_not_in_lane/camera_image_980.png,0,212,204,222,213
lane_data/ado_in_lane/camera_image_202.png,1,192,205,209,222
lane_data/ado_not_in_lane/camera_image_334.png,0,226,206,255,226
lane_data/ado_not_in_lane/camera_image_320.png,0,221,206,243,222
lane_data/ado_not_in_lane/camera_image_982.png,0,185,202,192,208
lane_data/ado_in_lane/camera_image_771.png,1,3,261,401,416
lane_data/ado_in_lane/camera_image_618.png,1,17,212,382,414
lane_data/ado_not_in_lane/camera_image_838.png,0,221,205,243,222
lane_data/ado_not_in_lane/camera_image_761.png,0,214,203,223,212
lane_data/ado_in_lane/camera_image_534.png,1,3,255,398,418
lane_data/ado_not_in_lane/camera_image_76.png,0,182,201,191,210
lane_data/ado_not_in_lane/camera_image_509.png,0,217,205,233,216
lane_data/ado_in_lane/camera_image_880.png,1,1,265,400,415
lane_data/ado_in_lane/camera_image_488.png,1,195,204,205,214
lane_data/ado_in_lane/camera_image_616.png,1,0,264,394,414
lane_data/ado_not_in_lane/camera_image_424.png,0,182,202,191,209
lane_data/ado_not_in_lane/camera_image_951.png,0,212,204,223,212
lane_data/ado_not_in_lane/camera_image_145.png,0,159,204,179,219
lane_data/ado_not_in_lane/camera_image_935.png,0,145,206,174,224
lane_data/ado_not_in_lane/camera_image_19.png,0,168,204,182,215
lane_data/ado_not_in_lane/camera_image_824.png,0,179,203,188,209
lane_data/ado_not_in_lane/camera_image_146.png,0,168,204,184,215
lane_data/ado_not_in_lane/camera_image_587.png,0,125,205,171,232
lane_data/ado_not_in_lane/camera_image_181.png,0,214,204,224,213
lane_data/ado_not_in_lane/camera_image_447.png,0,223,206,251,224
lane_data/ado_not_in_lane/camera_image_902.png,0,182,202,192,210
lane_data/ado_not_in_lane/camera_image_970.png,0,181,202,190,210
lane_data/ado_not_in_lane/camera_image_250.png,0,222,205,241,221
lane_data/ado_not_in_lane/camera_image_217.png,0,218,205,234,216
lane_data/ado_in_lane/camera_image_697.png,1,17,211,387,418
lane_data/ado_in_lane/camera_image_457.png,1,195,204,206,215
lane_data/ado_not_in_lane/camera_image_115.png,0,219,206,235,219
lane_data/ado_not_in_lane/camera_image_830.png,0,215,205,226,213
lane_data/ado_in_lane/camera_image_917.png,1,2,265,397,417
lane_data/ado_in_lane/camera_image_230.png,1,195,205,206,214
lane_data/ado_in_lane/camera_image_723.png,1,0,265,392,416
lane_data/ado_not_in_lane/camera_image_406.png,0,228,207,251,225
lane_data/ado_not_in_lane/camera_image_665.png,0,208,202,217,210
lane_data/ado_not_in_lane/camera_image_394.png,0,175,203,186,212
lane_data/ado_in_lane/camera_image_48.png,1,0,250,400,421
lane_data/ado_not_in_lane/camera_image_237.png,0,158,204,180,220
lane_data/ado_in_lane/camera_image_922.png,1,-4,262,399,417
lane_data/ado_not_in_lane/camera_image_499.png,0,216,205,228,214
lane_data/ado_in_lane/camera_image_847.png,1,-3,252,404,418
lane_data/ado_not_in_lane/camera_image_814.png,0,209,203,218,210
lane_data/ado_not_in_lane/camera_image_173.png,0,182,202,191,209
lane_data/ado_in_lane/camera_image_981.png,1,192,203,208,222
lane_data/ado_in_lane/camera_image_661.png,1,192,204,208,221
lane_data/ado_not_in_lane/camera_image_53.png,0,221,206,238,220
lane_data/ado_in_lane/camera_image_848.png,1,-1,259,408,418
lane_data/ado_not_in_lane/camera_image_204.png,0,183,201,191,210
lane_data/ado_in_lane/camera_image_432.png,1,198,203,204,208
lane_data/ado_in_lane/camera_image_51.png,1,197,202,204,209
lane_data/ado_not_in_lane/camera_image_87.png,0,171,204,184,214
lane_data/ado_not_in_lane/camera_image_471.png,0,213,203,222,212
lane_data/ado_in_lane/camera_image_89.png,1,191,205,209,222
lane_data/ado_not_in_lane/camera_image_389.png,0,173,205,186,213
lane_data/ado_not_in_lane/camera_image_901.png,0,140,208,174,225
lane_data/ado_in_lane/camera_image_645.png,1,196,203,205,210
lane_data/ado_in_lane/camera_image_405.png,1,197,202,203,208
lane_data/ado_in_lane/camera_image_130.png,1,192,205,209,222
lane_data/ado_in_lane/camera_image_659.png,1,17,212,387,418
lane_data/ado_in_lane/camera_image_259.png,1,198,202,203,207
lane_data/ado_in_lane/camera_image_849.png,1,0,268,403,413
lane_data/ado_not_in_lane/camera_image_752.png,0,211,202,221,210
lane_data/ado_not_in_lane/camera_image_463.png,0,168,203,182,215
lane_data/ado_not_in_lane/camera_image_740.png,0,186,201,193,208
lane_data/ado_in_lane/camera_image_321.png,1,197,203,204,209
lane_data/ado_not_in_lane/camera_image_505.png,0,209,202,217,209
lane_data/ado_in_lane/camera_image_735.png,1,197,203,204,209
lane_data/ado_in_lane/camera_image_617.png,1,196,204,205,214
lane_data/ado_not_in_lane/camera_image_770.png,0,184,201,192,208
lane_data/ado_in_lane/camera_image_361.png,1,197,202,204,209
lane_data/ado_in_lane/camera_image_651.png,1,197,202,203,207
lane_data/ado_in_lane/camera_image_976.png,1,188,204,212,227
lane_data/ado_in_lane/camera_image_924.png,1,194,205,207,218
lane_data/ado_not_in_lane/camera_image_323.png,0,186,201,193,208
lane_data/ado_in_lane/camera_image_132.png,1,192,204,208,220
lane_data/ado_in_lane/camera_image_716.png,1,0,269,391,416
lane_data/ado_not_in_lane/camera_image_294.png,0,237,210,275,233
lane_data/ado_not_in_lane/camera_image_687.png,0,179,203,187,209
lane_data/ado_in_lane/camera_image_907.png,1,2,269,398,414
lane_data/ado_in_lane/camera_image_440.png,1,187,205,213,229
lane_data/ado_in_lane/camera_image_476.png,1,188,205,212,227
lane_data/ado_in_lane/camera_image_173.png,1,196,203,202,208
lane_data/ado_not_in_lane/camera_image_230.png,0,184,202,192,209
lane_data/ado_in_lane/camera_image_628.png,1,197,202,204,209
lane_data/ado_not_in_lane/camera_image_481.png,0,156,204,180,221
lane_data/ado_in_lane/camera_image_871.png,1,1,258,403,421
lane_data/ado_not_in_lane/camera_image_141.png,0,221,206,244,223
lane_data/ado_in_lane/camera_image_308.png,1,191,204,209,223
lane_data/ado_in_lane/camera_image_428.png,1,189,204,211,226
lane_data/ado_in_lane/camera_image_149.png,1,197,203,204,209
lane_data/ado_not_in_lane/camera_image_783.png,0,173,203,187,213
lane_data/ado_in_lane/camera_image_373.png,1,195,205,206,214
lane_data/ado_in_lane/camera_image_789.png,1,196,203,205,211
lane_data/ado_not_in_lane/camera_image_469.png,0,183,202,191,209
lane_data/ado_not_in_lane/camera_image_675.png,0,215,205,227,214
lane_data/ado_not_in_lane/camera_image_366.png,0,181,201,190,209
lane_data/ado_not_in_lane/camera_image_630.png,0,180,201,190,209
lane_data/ado_in_lane/camera_image_791.png,1,197,203,204,209
lane_data/ado_not_in_lane/camera_image_497.png,0,186,201,193,208
lane_data/ado_not_in_lane/camera_image_800.png,0,176,203,187,211
lane_data/ado_in_lane/camera_image_640.png,1,195,204,206,214
lane_data/ado_in_lane/camera_image_188.png,1,197,202,204,209
lane_data/ado_in_lane/camera_image_995.png,1,-1,261,402,416
lane_data/ado_not_in_lane/camera_image_345.png,0,114,207,167,237
lane_data/ado_not_in_lane/camera_image_66.png,0,209,203,217,209
lane_data/ado_in_lane/camera_image_90.png,1,5,249,406,422
lane_data/ado_in_lane/camera_image_39.png,1,195,204,205,214
lane_data/ado_in_lane/camera_image_148.png,1,198,203,204,208
lane_data/ado_in_lane/camera_image_911.png,1,18,209,383,419
lane_data/ado_in_lane/camera_image_256.png,1,192,205,208,219
lane_data/ado_in_lane/camera_image_807.png,1,197,203,205,210
lane_data/ado_not_in_lane/camera_image_183.png,0,211,203,222,212
lane_data/ado_in_lane/camera_image_598.png,1,2,270,399,416
lane_data/ado_in_lane/camera_image_942.png,1,0,251,400,421
lane_data/ado_in_lane/camera_image_941.png,1,197,203,205,210
lane_data/ado_in_lane/camera_image_743.png,1,198,202,203,208
lane_data/ado_not_in_lane/camera_image_966.png,0,214,204,224,213
lane_data/ado_not_in_lane/camera_image_822.png,0,214,204,224,213
lane_data/ado_not_in_lane/camera_image_797.png,0,172,204,186,214
lane_data/ado_not_in_lane/camera_image_307.png,0,211,203,220,211
lane_data/ado_in_lane/camera_image_966.png,1,197,202,205,209
lane_data/ado_not_in_lane/camera_image_246.png,0,166,202,183,217
lane_data/ado_in_lane/camera_image_304.png,1,197,204,204,210
lane_data/ado_in_lane/camera_image_421.png,1,196,203,201,208
lane_data/ado_not_in_lane/camera_image_850.png,0,177,203,188,211
lane_data/ado_in_lane/camera_image_804.png,1,198,203,205,210
lane_data/ado_in_lane/camera_image_106.png,1,195,203,202,209
lane_data/ado_not_in_lane/camera_image_358.png,0,218,205,241,221
lane_data/ado_in_lane/camera_image_658.png,1,196,203,204,210
lane_data/ado_in_lane/camera_image_805.png,1,19,209,387,420
lane_data/ado_in_lane/camera_image_599.png,1,3,271,403,414
lane_data/ado_not_in_lane/camera_image_309.png,0,186,201,193,207
lane_data/ado_not_in_lane/camera_image_474.png,0,212,203,222,211
lane_data/ado_in_lane/camera_image_609.png,1,196,204,205,212
lane_data/ado_not_in_lane/camera_image_872.png,0,181,201,190,209
lane_data/ado_not_in_lane/camera_image_169.png,0,227,206,255,225
lane_data/ado_not_in_lane/camera_image_457.png,0,184,202,191,209
lane_data/ado_not_in_lane/camera_image_139.png,0,208,203,218,210
lane_data/ado_not_in_lane/camera_image_452.png,0,224,207,261,227
lane_data/ado_not_in_lane/camera_image_377.png,0,141,203,174,226
lane_data/ado_in_lane/camera_image_694.png,1,0,261,394,418
lane_data/ado_in_lane/camera_image_6.png,1,196,203,202,208
lane_data/ado_in_lane/camera_image_496.png,1,195,204,206,215
lane_data/ado_in_lane/camera_image_957.png,1,197,202,204,209
lane_data/ado_not_in_lane/camera_image_101.png,0,215,205,226,213
lane_data/ado_not_in_lane/camera_image_300.png,0,177,202,187,211
lane_data/ado_not_in_lane/camera_image_937.png,0,173,203,187,213
lane_data/ado_not_in_lane/camera_image_407.png,0,227,207,251,225
lane_data/ado_in_lane/camera_image_117.png,1,196,204,205,213
lane_data/ado_not_in_lane/camera_image_989.png,0,167,203,184,215
lane_data/ado_in_lane/camera_image_126.png,1,196,202,205,210
lane_data/ado_in_lane/camera_image_899.png,1,-1,268,401,417
lane_data/ado_not_in_lane/camera_image_641.png,0,218,204,233,217
lane_data/ado_in_lane/camera_image_518.png,1,2,255,400,421
lane_data/ado_in_lane/camera_image_309.png,1,196,204,205,214
lane_data/ado_in_lane/camera_image_240.png,1,197,202,204,209
lane_data/ado_in_lane/camera_image_814.png,1,195,205,206,215
lane_data/ado_in_lane/camera_image_724.png,1,195,202,205,212
lane_data/ado_in_lane/camera_image_257.png,1,197,202,204,208
lane_data/ado_not_in_lane/camera_image_166.png,0,208,203,218,210
lane_data/ado_in_lane/camera_image_728.png,1,0,250,405,420
lane_data/ado_in_lane/camera_image_951.png,1,195,205,206,215
lane_data/ado_in_lane/camera_image_181.png,1,197,203,205,210
lane_data/ado_in_lane/camera_image_10.png,1,4,256,401,420
lane_data/ado_not_in_lane/camera_image_876.png,0,158,204,181,220
lane_data/ado_not_in_lane/camera_image_751.png,0,158,204,177,221
lane_data/ado_not_in_lane/camera_image_247.png,0,180,202,190,209
lane_data/ado_in_lane/camera_image_524.png,1,196,203,205,211
lane_data/ado_not_in_lane/camera_image_113.png,0,185,202,192,207
lane_data/ado_not_in_lane/camera_image_80.png,0,185,201,193,208
lane_data/ado_in_lane/camera_image_103.png,1,198,202,203,208
lane_data/ado_not_in_lane/camera_image_593.png,0,209,202,217,209
lane_data/ado_in_lane/camera_image_546.png,1,3,274,400,413
lane_data/ado_in_lane/camera_image_458.png,1,196,204,205,213
lane_data/ado_in_lane/camera_image_766.png,1,0,256,400,417
lane_data/ado_in_lane/camera_image_423.png,1,198,203,204,208
lane_data/ado_in_lane/camera_image_366.png,1,197,203,204,209
lane_data/ado_not_in_lane/camera_image_280.png,0,212,203,221,211
lane_data/ado_not_in_lane/camera_image_961.png,0,217,204,232,216
lane_data/ado_in_lane/camera_image_253.png,1,197,204,205,211
lane_data/ado_not_in_lane/camera_image_155.png,0,174,203,186,213
lane_data/ado_in_lane/camera_image_720.png,1,196,205,205,214
lane_data/ado_not_in_lane/camera_image_820.png,0,181,203,190,210
lane_data/ado_in_lane/camera_image_244.png,1,196,204,205,213
lane_data/ado_in_lane/camera_image_435.png,1,193,205,207,218
lane_data/ado_in_lane/camera_image_828.png,1,1,251,404,422
lane_data/ado_in_lane/camera_image_626.png,1,197,202,204,208
lane_data/ado_not_in_lane/camera_image_179.png,0,180,202,190,210
lane_data/ado_in_lane/camera_image_430.png,1,198,203,204,208
lane_data/ado_not_in_lane/camera_image_176.png,0,111,209,169,238
lane_data/ado_in_lane/camera_image_821.png,1,197,201,203,208
lane_data/ado_in_lane/camera_image_424.png,1,193,204,207,219
lane_data/ado_not_in_lane/camera_image_416.png,0,209,203,217,210
lane_data/ado_in_lane/camera_image_636.png,1,193,205,207,218
lane_data/ado_in_lane/camera_image_556.png,1,4,248,399,421
lane_data/ado_not_in_lane/camera_image_218.png,0,209,203,217,209
lane_data/ado_not_in_lane/camera_image_952.png,0,225,208,260,227
lane_data/ado_in_lane/camera_image_362.png,1,196,205,206,214
lane_data/ado_in_lane/camera_image_269.png,1,191,204,209,222
lane_data/ado_not_in_lane/camera_image_788.png,0,181,202,190,210
lane_data/ado_not_in_lane/camera_image_348.png,0,225,206,255,226
lane_data/ado_in_lane/camera_image_340.png,1,192,203,209,222
lane_data/ado_not_in_lane/camera_image_90.png,0,174,203,187,212
lane_data/ado_in_lane/camera_image_688.png,1,193,205,207,218
lane_data/ado_not_in_lane/camera_image_550.png,0,174,204,186,212
lane_data/ado_not_in_lane/camera_image_255.png,0,208,203,216,209
lane_data/ado_in_lane/camera_image_358.png,1,196,205,205,212
lane_data/ado_not_in_lane/camera_image_148.png,0,178,204,188,211
lane_data/ado_in_lane/camera_image_684.png,1,5,270,398,412
lane_data/ado_not_in_lane/camera_image_67.png,0,185,202,193,208
lane_data/ado_in_lane/camera_image_219.png,1,195,204,206,216
lane_data/ado_in_lane/camera_image_275.png,1,197,202,204,209
lane_data/ado_not_in_lane/camera_image_636.png,0,208,203,215,209
lane_data/ado_not_in_lane/camera_image_999.png,0,186,202,194,207
lane_data/ado_not_in_lane/camera_image_397.png,0,178,203,188,210
lane_data/ado_not_in_lane/camera_image_957.png,0,215,204,225,213
lane_data/ado_not_in_lane/camera_image_763.png,0,225,207,249,223
lane_data/ado_not_in_lane/camera_image_748.png,0,157,203,177,221
lane_data/ado_in_lane/camera_image_940.png,1,197,202,204,209
lane_data/ado_not_in_lane/camera_image_728.png,0,171,203,185,214
lane_data/ado_not_in_lane/camera_image_408.png,0,209,203,218,209
